row_number	s	slabel	user_slabel	o	olabel	user_olabel
12	CL:0001035	bone cell	bone cell	UBERON:0004288	skeleton	skeleton
718	CL:0001035	bone cell	bone cell	UBERON:0004612	mammalian cervical vertebra 3	cervical vertebra 3
719	CL:0001035	bone cell	bone cell	UBERON:0004613	mammalian cervical vertebra 4	cervical vertebra 4
720	CL:0001035	bone cell	bone cell	UBERON:0004613	mammalian cervical vertebra 4	cervical vertebra 4
721	CL:0001035	bone cell	bone cell	UBERON:0004613	mammalian cervical vertebra 4	cervical vertebra 4
722	CL:0001035	bone cell	bone cell	UBERON:0004613	mammalian cervical vertebra 4	cervical vertebra 4
723	CL:0001035	bone cell	bone cell	UBERON:0004613	mammalian cervical vertebra 4	cervical vertebra 4
724	CL:0001035	bone cell	bone cell	UBERON:0004613	mammalian cervical vertebra 4	cervical vertebra 4
725	CL:0001035	bone cell	bone cell	UBERON:0004613	mammalian cervical vertebra 4	cervical vertebra 4
726	CL:0001035	bone cell	bone cell	UBERON:0004613	mammalian cervical vertebra 4	cervical vertebra 4
727	CL:0001035	bone cell	bone cell	UBERON:0004613	mammalian cervical vertebra 4	cervical vertebra 4
728	CL:0001035	bone cell	bone cell	UBERON:0004613	mammalian cervical vertebra 4	cervical vertebra 4
729	CL:0001035	bone cell	bone cell	UBERON:0004613	mammalian cervical vertebra 4	cervical vertebra 4
730	CL:0001035	bone cell	bone cell	UBERON:0004613	mammalian cervical vertebra 4	cervical vertebra 4
731	CL:0001035	bone cell	bone cell	UBERON:0004613	mammalian cervical vertebra 4	cervical vertebra 4
732	CL:0001035	bone cell	bone cell	UBERON:0004613	mammalian cervical vertebra 4	cervical vertebra 4
733	CL:0001035	bone cell	bone cell	UBERON:0004613	mammalian cervical vertebra 4	cervical vertebra 4
734	CL:0001035	bone cell	bone cell	UBERON:0004614	mammalian cervical vertebra 5	cervical vertebra 5
735	CL:0001035	bone cell	bone cell	UBERON:0004614	mammalian cervical vertebra 5	cervical vertebra 5
736	CL:0001035	bone cell	bone cell	UBERON:0004614	mammalian cervical vertebra 5	cervical vertebra 5
737	CL:0001035	bone cell	bone cell	UBERON:0004614	mammalian cervical vertebra 5	cervical vertebra 5
738	CL:0001035	bone cell	bone cell	UBERON:0004614	mammalian cervical vertebra 5	cervical vertebra 5
739	CL:0001035	bone cell	bone cell	UBERON:0004614	mammalian cervical vertebra 5	cervical vertebra 5
740	CL:0001035	bone cell	bone cell	UBERON:0004614	mammalian cervical vertebra 5	cervical vertebra 5
741	CL:0001035	bone cell	bone cell	UBERON:0004614	mammalian cervical vertebra 5	cervical vertebra 5
742	CL:0001035	bone cell	bone cell	UBERON:0004614	mammalian cervical vertebra 5	cervical vertebra 5
743	CL:0001035	bone cell	bone cell	UBERON:0004614	mammalian cervical vertebra 5	cervical vertebra 5
744	CL:0001035	bone cell	bone cell	UBERON:0004614	mammalian cervical vertebra 5	cervical vertebra 5
745	CL:0001035	bone cell	bone cell	UBERON:0004614	mammalian cervical vertebra 5	cervical vertebra 5
746	CL:0001035	bone cell	bone cell	UBERON:0004614	mammalian cervical vertebra 5	cervical vertebra 5
717	CL:0001035	bone cell	bone cell	UBERON:0004612	mammalian cervical vertebra 3	cervical vertebra 3
716	CL:0001035	bone cell	bone cell	UBERON:0004612	mammalian cervical vertebra 3	cervical vertebra 3
715	CL:0001035	bone cell	bone cell	UBERON:0004612	mammalian cervical vertebra 3	cervical vertebra 3
714	CL:0001035	bone cell	bone cell	UBERON:0004612	mammalian cervical vertebra 3	cervical vertebra 3
684	CL:0001035	bone cell	bone cell	UBERON:0001092	vertebral bone 1	cervical vertebra 1
685	CL:0001035	bone cell	bone cell	UBERON:0001092	vertebral bone 1	cervical vertebra 1
686	CL:0001035	bone cell	bone cell	UBERON:0001092	vertebral bone 1	cervical vertebra 1
687	CL:0001035	bone cell	bone cell	UBERON:0001093	vertebral bone 2	cervical vertebra 2
688	CL:0001035	bone cell	bone cell	UBERON:0001093	vertebral bone 2	cervical vertebra 2
689	CL:0001035	bone cell	bone cell	UBERON:0001093	vertebral bone 2	cervical vertebra 2
690	CL:0001035	bone cell	bone cell	UBERON:0001093	vertebral bone 2	cervical vertebra 2
691	CL:0001035	bone cell	bone cell	UBERON:0001093	vertebral bone 2	cervical vertebra 2
692	CL:0001035	bone cell	bone cell	UBERON:0001093	vertebral bone 2	cervical vertebra 2
693	CL:0001035	bone cell	bone cell	UBERON:0004096	odontoid process of cervical vertebra 2	odontoid process of second cervical vertebra
694	CL:0001035	bone cell	bone cell	UBERON:0001093	vertebral bone 2	cervical vertebra 2
695	CL:0001035	bone cell	bone cell	UBERON:0001093	vertebral bone 2	cervical vertebra 2
696	CL:0001035	bone cell	bone cell	UBERON:0001093	vertebral bone 2	cervical vertebra 2
697	CL:0001035	bone cell	bone cell	UBERON:0001093	vertebral bone 2	cervical vertebra 2
747	CL:0001035	bone cell	bone cell	UBERON:0004614	mammalian cervical vertebra 5	cervical vertebra 5
698	CL:0001035	bone cell	bone cell	UBERON:0001093	vertebral bone 2	cervical vertebra 2
700	CL:0001035	bone cell	bone cell	UBERON:0001093	vertebral bone 2	cervical vertebra 2
701	CL:0001035	bone cell	bone cell	UBERON:0001093	vertebral bone 2	cervical vertebra 2
702	CL:0001035	bone cell	bone cell	UBERON:0001093	vertebral bone 2	cervical vertebra 2
703	CL:0001035	bone cell	bone cell	UBERON:0001093	vertebral bone 2	cervical vertebra 2
704	CL:0001035	bone cell	bone cell	UBERON:0004612	mammalian cervical vertebra 3	cervical vertebra 3
705	CL:0001035	bone cell	bone cell	UBERON:0004612	mammalian cervical vertebra 3	cervical vertebra 3
706	CL:0001035	bone cell	bone cell	UBERON:0004612	mammalian cervical vertebra 3	cervical vertebra 3
707	CL:0001035	bone cell	bone cell	UBERON:0004612	mammalian cervical vertebra 3	cervical vertebra 3
708	CL:0001035	bone cell	bone cell	UBERON:0004612	mammalian cervical vertebra 3	cervical vertebra 3
709	CL:0001035	bone cell	bone cell	UBERON:0004612	mammalian cervical vertebra 3	cervical vertebra 3
710	CL:0001035	bone cell	bone cell	UBERON:0004612	mammalian cervical vertebra 3	cervical vertebra 3
711	CL:0001035	bone cell	bone cell	UBERON:0004612	mammalian cervical vertebra 3	cervical vertebra 3
712	CL:0001035	bone cell	bone cell	UBERON:0004612	mammalian cervical vertebra 3	cervical vertebra 3
713	CL:0001035	bone cell	bone cell	UBERON:0004612	mammalian cervical vertebra 3	cervical vertebra 3
699	CL:0001035	bone cell	bone cell	UBERON:0001093	vertebral bone 2	cervical vertebra 2
683	CL:0001035	bone cell	bone cell	UBERON:0001092	vertebral bone 1	cervical vertebra 1
748	CL:0001035	bone cell	bone cell	UBERON:0004614	mammalian cervical vertebra 5	cervical vertebra 5
750	CL:0001035	bone cell	bone cell	UBERON:0004615	mammalian cervical vertebra 6	cervical vertebra 6
785	CL:0001035	bone cell	bone cell	UBERON:0004617	lumbar vertebra 1	lumbar vertebra 1
786	CL:0001035	bone cell	bone cell	UBERON:0004617	lumbar vertebra 1	lumbar vertebra 1
787	CL:0001035	bone cell	bone cell	UBERON:0004617	lumbar vertebra 1	lumbar vertebra 1
788	CL:0001035	bone cell	bone cell	UBERON:0004617	lumbar vertebra 1	lumbar vertebra 1
789	CL:0001035	bone cell	bone cell	UBERON:0004617	lumbar vertebra 1	lumbar vertebra 1
790	CL:0001035	bone cell	bone cell	UBERON:0004617	lumbar vertebra 1	lumbar vertebra 1
791	CL:0001035	bone cell	bone cell	UBERON:0004617	lumbar vertebra 1	lumbar vertebra 1
792	CL:0001035	bone cell	bone cell	UBERON:0004617	lumbar vertebra 1	lumbar vertebra 1
793	CL:0001035	bone cell	bone cell	UBERON:0004617	lumbar vertebra 1	lumbar vertebra 1
794	CL:0001035	bone cell	bone cell	UBERON:0004617	lumbar vertebra 1	lumbar vertebra 1
795	CL:0001035	bone cell	bone cell	UBERON:0004617	lumbar vertebra 1	lumbar vertebra 1
796	CL:0001035	bone cell	bone cell	UBERON:0004617	lumbar vertebra 1	lumbar vertebra 1
797	CL:0001035	bone cell	bone cell	UBERON:0004618	lumbar vertebra 2	lumbar vertebra 2
798	CL:0001035	bone cell	bone cell	UBERON:0004618	lumbar vertebra 2	lumbar vertebra 2
799	CL:0001035	bone cell	bone cell	UBERON:0004618	lumbar vertebra 2	lumbar vertebra 2
800	CL:0001035	bone cell	bone cell	UBERON:0004618	lumbar vertebra 2	lumbar vertebra 2
801	CL:0001035	bone cell	bone cell	UBERON:0004618	lumbar vertebra 2	lumbar vertebra 2
802	CL:0001035	bone cell	bone cell	UBERON:0004618	lumbar vertebra 2	lumbar vertebra 2
803	CL:0001035	bone cell	bone cell	UBERON:0004618	lumbar vertebra 2	lumbar vertebra 2
804	CL:0001035	bone cell	bone cell	UBERON:0004618	lumbar vertebra 2	lumbar vertebra 2
805	CL:0001035	bone cell	bone cell	UBERON:0004618	lumbar vertebra 2	lumbar vertebra 2
806	CL:0001035	bone cell	bone cell	UBERON:0004618	lumbar vertebra 2	lumbar vertebra 2
807	CL:0001035	bone cell	bone cell	UBERON:0004618	lumbar vertebra 2	lumbar vertebra 2
808	CL:0001035	bone cell	bone cell	UBERON:0004618	lumbar vertebra 2	lumbar vertebra 2
809	CL:0001035	bone cell	bone cell	UBERON:0004618	lumbar vertebra 2	lumbar vertebra 2
810	CL:0001035	bone cell	bone cell	UBERON:0004618	lumbar vertebra 2	lumbar vertebra 2
811	CL:0001035	bone cell	bone cell	UBERON:0004618	lumbar vertebra 2	lumbar vertebra 2
812	CL:0001035	bone cell	bone cell	UBERON:0004618	lumbar vertebra 2	lumbar vertebra 2
813	CL:0001035	bone cell	bone cell	UBERON:0004619	lumbar vertebra 3	lumbar vertebra 3
784	CL:0001035	bone cell	bone cell	UBERON:0004617	lumbar vertebra 1	lumbar vertebra 1
783	CL:0001035	bone cell	bone cell	UBERON:0004617	lumbar vertebra 1	lumbar vertebra 1
782	CL:0001035	bone cell	bone cell	UBERON:0004617	lumbar vertebra 1	lumbar vertebra 1
781	CL:0001035	bone cell	bone cell	UBERON:0004617	lumbar vertebra 1	lumbar vertebra 1
751	CL:0001035	bone cell	bone cell	UBERON:0004615	mammalian cervical vertebra 6	cervical vertebra 6
752	CL:0001035	bone cell	bone cell	UBERON:0004615	mammalian cervical vertebra 6	cervical vertebra 6
753	CL:0001035	bone cell	bone cell	UBERON:0004615	mammalian cervical vertebra 6	cervical vertebra 6
754	CL:0001035	bone cell	bone cell	UBERON:0004615	mammalian cervical vertebra 6	cervical vertebra 6
755	CL:0001035	bone cell	bone cell	UBERON:0004615	mammalian cervical vertebra 6	cervical vertebra 6
756	CL:0001035	bone cell	bone cell	UBERON:0004615	mammalian cervical vertebra 6	cervical vertebra 6
757	CL:0001035	bone cell	bone cell	UBERON:0004615	mammalian cervical vertebra 6	cervical vertebra 6
758	CL:0001035	bone cell	bone cell	UBERON:0004615	mammalian cervical vertebra 6	cervical vertebra 6
759	CL:0001035	bone cell	bone cell	UBERON:0004615	mammalian cervical vertebra 6	cervical vertebra 6
760	CL:0001035	bone cell	bone cell	UBERON:0004615	mammalian cervical vertebra 6	cervical vertebra 6
761	CL:0001035	bone cell	bone cell	UBERON:0004615	mammalian cervical vertebra 6	cervical vertebra 6
762	CL:0001035	bone cell	bone cell	UBERON:0004615	mammalian cervical vertebra 6	cervical vertebra 6
763	CL:0001035	bone cell	bone cell	UBERON:0004615	mammalian cervical vertebra 6	cervical vertebra 6
764	CL:0001035	bone cell	bone cell	UBERON:0004616	mammalian cervical vertebra 7	cervical vertebra 7
749	CL:0001035	bone cell	bone cell	UBERON:0004615	mammalian cervical vertebra 6	cervical vertebra 6
765	CL:0001035	bone cell	bone cell	UBERON:0004616	mammalian cervical vertebra 7	cervical vertebra 7
767	CL:0001035	bone cell	bone cell	UBERON:0004616	mammalian cervical vertebra 7	cervical vertebra 7
768	CL:0001035	bone cell	bone cell	UBERON:0004616	mammalian cervical vertebra 7	cervical vertebra 7
769	CL:0001035	bone cell	bone cell	UBERON:0004616	mammalian cervical vertebra 7	cervical vertebra 7
770	CL:0001035	bone cell	bone cell	UBERON:0004616	mammalian cervical vertebra 7	cervical vertebra 7
771	CL:0001035	bone cell	bone cell	UBERON:0004616	mammalian cervical vertebra 7	cervical vertebra 7
772	CL:0001035	bone cell	bone cell	UBERON:0004616	mammalian cervical vertebra 7	cervical vertebra 7
773	CL:0001035	bone cell	bone cell	UBERON:0004616	mammalian cervical vertebra 7	cervical vertebra 7
774	CL:0001035	bone cell	bone cell	UBERON:0004616	mammalian cervical vertebra 7	cervical vertebra 7
775	CL:0001035	bone cell	bone cell	UBERON:0004616	mammalian cervical vertebra 7	cervical vertebra 7
776	CL:0001035	bone cell	bone cell	UBERON:0004616	mammalian cervical vertebra 7	cervical vertebra 7
777	CL:0001035	bone cell	bone cell	UBERON:0004616	mammalian cervical vertebra 7	cervical vertebra 7
778	CL:0001035	bone cell	bone cell	UBERON:0004616	mammalian cervical vertebra 7	cervical vertebra 7
779	CL:0001035	bone cell	bone cell	UBERON:0004616	mammalian cervical vertebra 7	cervical vertebra 7
780	CL:0001035	bone cell	bone cell	UBERON:0002414	lumbar vertebra	lumbar vertebra
766	CL:0001035	bone cell	bone cell	UBERON:0004616	mammalian cervical vertebra 7	cervical vertebra 7
814	CL:0001035	bone cell	bone cell	UBERON:0004619	lumbar vertebra 3	lumbar vertebra 3
682	CL:0001035	bone cell	bone cell	UBERON:0001092	vertebral bone 1	cervical vertebra 1
680	CL:0001035	bone cell	bone cell	UBERON:0001092	vertebral bone 1	cervical vertebra 1
584	CL:0001035	bone cell	bone cell	UBERON:0004604	rib 4	rib 4
585	CL:0001035	bone cell	bone cell	UBERON:0004604	rib 4	rib 4
586	CL:0001035	bone cell	bone cell	UBERON:0004604	rib 4	rib 4
587	CL:0001035	bone cell	bone cell	UBERON:0004605	rib 5	rib 5
588	CL:0001035	bone cell	bone cell	UBERON:0004605	rib 5	rib 5
589	CL:0001035	bone cell	bone cell	UBERON:0004605	rib 5	rib 5
590	CL:0001035	bone cell	bone cell	UBERON:0004605	rib 5	rib 5
591	CL:0001035	bone cell	bone cell	UBERON:0004605	rib 5	rib 5
592	CL:0001035	bone cell	bone cell	UBERON:0004605	rib 5	rib 5
593	CL:0001035	bone cell	bone cell	UBERON:0004605	rib 5	rib 5
594	CL:0001035	bone cell	bone cell	UBERON:0004605	rib 5	rib 5
595	CL:0001035	bone cell	bone cell	UBERON:0004605	rib 5	rib 5
596	CL:0001035	bone cell	bone cell	UBERON:0004605	rib 5	rib 5
597	CL:0001035	bone cell	bone cell	UBERON:0004605	rib 5	rib 5
598	CL:0001035	bone cell	bone cell	UBERON:0004605	rib 5	rib 5
599	CL:0001035	bone cell	bone cell	UBERON:0004605	rib 5	rib 5
600	CL:0001035	bone cell	bone cell	UBERON:0004606	rib 6	rib 6
601	CL:0001035	bone cell	bone cell	UBERON:0004606	rib 6	rib 6
602	CL:0001035	bone cell	bone cell	UBERON:0004606	rib 6	rib 6
603	CL:0001035	bone cell	bone cell	UBERON:0004606	rib 6	rib 6
604	CL:0001035	bone cell	bone cell	UBERON:0004606	rib 6	rib 6
605	CL:0001035	bone cell	bone cell	UBERON:0004606	rib 6	rib 6
606	CL:0001035	bone cell	bone cell	UBERON:0004606	rib 6	rib 6
607	CL:0001035	bone cell	bone cell	UBERON:0004606	rib 6	rib 6
608	CL:0001035	bone cell	bone cell	UBERON:0004606	rib 6	rib 6
609	CL:0001035	bone cell	bone cell	UBERON:0004606	rib 6	rib 6
610	CL:0001035	bone cell	bone cell	UBERON:0004606	rib 6	rib 6
611	CL:0001035	bone cell	bone cell	UBERON:0004606	rib 6	rib 6
612	CL:0001035	bone cell	bone cell	UBERON:0004606	rib 6	rib 6
583	CL:0001035	bone cell	bone cell	UBERON:0004604	rib 4	rib 4
582	CL:0001035	bone cell	bone cell	UBERON:0004604	rib 4	rib 4
581	CL:0001035	bone cell	bone cell	UBERON:0004604	rib 4	rib 4
580	CL:0001035	bone cell	bone cell	UBERON:0004604	rib 4	rib 4
550	CL:0001035	bone cell	bone cell	UBERON:0004602	rib 2	rib 2
551	CL:0001035	bone cell	bone cell	UBERON:0004602	rib 2	rib 2
552	CL:0001035	bone cell	bone cell	UBERON:0004602	rib 2	rib 2
553	CL:0001035	bone cell	bone cell	UBERON:0004602	rib 2	rib 2
554	CL:0001035	bone cell	bone cell	UBERON:0004602	rib 2	rib 2
555	CL:0001035	bone cell	bone cell	UBERON:0004602	rib 2	rib 2
556	CL:0001035	bone cell	bone cell	UBERON:0004602	rib 2	rib 2
557	CL:0001035	bone cell	bone cell	UBERON:0004602	rib 2	rib 2
558	CL:0001035	bone cell	bone cell	UBERON:0004602	rib 2	rib 2
559	CL:0001035	bone cell	bone cell	UBERON:0004602	rib 2	rib 2
560	CL:0001035	bone cell	bone cell	UBERON:0004602	rib 2	rib 2
561	CL:0001035	bone cell	bone cell	UBERON:0004603	rib 3	rib 3
562	CL:0001035	bone cell	bone cell	UBERON:0004603	rib 3	rib 3
563	CL:0001035	bone cell	bone cell	UBERON:0004603	rib 3	rib 3
613	CL:0001035	bone cell	bone cell	UBERON:0004607	rib 7	rib 7
564	CL:0001035	bone cell	bone cell	UBERON:0004603	rib 3	rib 3
566	CL:0001035	bone cell	bone cell	UBERON:0004603	rib 3	rib 3
567	CL:0001035	bone cell	bone cell	UBERON:0004603	rib 3	rib 3
568	CL:0001035	bone cell	bone cell	UBERON:0004603	rib 3	rib 3
569	CL:0001035	bone cell	bone cell	UBERON:0004603	rib 3	rib 3
570	CL:0001035	bone cell	bone cell	UBERON:0004603	rib 3	rib 3
571	CL:0001035	bone cell	bone cell	UBERON:0004603	rib 3	rib 3
572	CL:0001035	bone cell	bone cell	UBERON:0004603	rib 3	rib 3
573	CL:0001035	bone cell	bone cell	UBERON:0004603	rib 3	rib 3
574	CL:0001035	bone cell	bone cell	UBERON:0004604	rib 4	rib 4
575	CL:0001035	bone cell	bone cell	UBERON:0004604	rib 4	rib 4
576	CL:0001035	bone cell	bone cell	UBERON:0004604	rib 4	rib 4
577	CL:0001035	bone cell	bone cell	UBERON:0004604	rib 4	rib 4
578	CL:0001035	bone cell	bone cell	UBERON:0004604	rib 4	rib 4
579	CL:0001035	bone cell	bone cell	UBERON:0004604	rib 4	rib 4
565	CL:0001035	bone cell	bone cell	UBERON:0004603	rib 3	rib 3
681	CL:0001035	bone cell	bone cell	UBERON:0001092	vertebral bone 1	cervical vertebra 1
614	CL:0001035	bone cell	bone cell	UBERON:0004607	rib 7	rib 7
616	CL:0001035	bone cell	bone cell	UBERON:0004607	rib 7	rib 7
651	CL:0001035	bone cell	bone cell	UBERON:0004608	rib 9	rib 9
652	CL:0001035	bone cell	bone cell	UBERON:0014477	thoracic skeleton	thoracic skeleton
653	CL:0001035	bone cell	bone cell	UBERON:0000975	sternum	sternum
654	CL:0001035	bone cell	bone cell	UBERON:0000975	sternum	sternum
655	CL:0001035	bone cell	bone cell	UBERON:0000975	sternum	sternum
656	CL:0001035	bone cell	bone cell	UBERON:0000975	sternum	sternum
657	CL:0001035	bone cell	bone cell	UBERON:0002205	manubrium of sternum	manubrium of sternum
658	CL:0001035	bone cell	bone cell	UBERON:0000975	sternum	sternum
659	CL:0001035	bone cell	bone cell	UBERON:0000975	sternum	sternum
660	CL:0001035	bone cell	bone cell	UBERON:0000975	sternum	sternum
661	CL:0001035	bone cell	bone cell	UBERON:0000975	sternum	sternum
662	CL:0001035	bone cell	bone cell	UBERON:0001130	vertebral column	vertebral column
663	CL:0001035	bone cell	bone cell	UBERON:0001095	caudal vertebra	caudal vertebra
664	CL:0001035	bone cell	bone cell	UBERON:0001350	coccyx	coccyx
665	CL:0001035	bone cell	bone cell	UBERON:0001350	coccyx	coccyx
666	CL:0001035	bone cell	bone cell	UBERON:0001350	coccyx	coccyx
667	CL:0001035	bone cell	bone cell	UBERON:0002413	cervical vertebra	cervical vertebra
668	CL:0001035	bone cell	bone cell	UBERON:0001092	vertebral bone 1	cervical vertebra 1
669	CL:0001035	bone cell	bone cell	UBERON:0001092	vertebral bone 1	cervical vertebra 1
670	CL:0001035	bone cell	bone cell	UBERON:0001092	vertebral bone 1	cervical vertebra 1
671	CL:0001035	bone cell	bone cell	UBERON:0001092	vertebral bone 1	cervical vertebra 1
672	CL:0001035	bone cell	bone cell	UBERON:0001092	vertebral bone 1	cervical vertebra 1
673	CL:0001035	bone cell	bone cell	UBERON:0001092	vertebral bone 1	cervical vertebra 1
674	CL:0001035	bone cell	bone cell	UBERON:0001092	vertebral bone 1	cervical vertebra 1
675	CL:0001035	bone cell	bone cell	UBERON:0001092	vertebral bone 1	cervical vertebra 1
676	CL:0001035	bone cell	bone cell	UBERON:0001092	vertebral bone 1	cervical vertebra 1
677	CL:0001035	bone cell	bone cell	UBERON:0001092	vertebral bone 1	cervical vertebra 1
678	CL:0001035	bone cell	bone cell	UBERON:0001092	vertebral bone 1	cervical vertebra 1
679	CL:0001035	bone cell	bone cell	UBERON:0001092	vertebral bone 1	cervical vertebra 1
650	CL:0001035	bone cell	bone cell	UBERON:0004608	rib 9	rib 9
649	CL:0001035	bone cell	bone cell	UBERON:0004608	rib 9	rib 9
648	CL:0001035	bone cell	bone cell	UBERON:0004608	rib 9	rib 9
647	CL:0001035	bone cell	bone cell	UBERON:0004608	rib 9	rib 9
617	CL:0001035	bone cell	bone cell	UBERON:0004607	rib 7	rib 7
618	CL:0001035	bone cell	bone cell	UBERON:0004607	rib 7	rib 7
619	CL:0001035	bone cell	bone cell	UBERON:0004607	rib 7	rib 7
620	CL:0001035	bone cell	bone cell	UBERON:0004607	rib 7	rib 7
621	CL:0001035	bone cell	bone cell	UBERON:0004607	rib 7	rib 7
622	CL:0001035	bone cell	bone cell	UBERON:0004607	rib 7	rib 7
623	CL:0001035	bone cell	bone cell	UBERON:0004607	rib 7	rib 7
624	CL:0001035	bone cell	bone cell	UBERON:0004607	rib 7	rib 7
625	CL:0001035	bone cell	bone cell	UBERON:0004607	rib 7	rib 7
626	CL:0001035	bone cell	bone cell	UBERON:0010757	rib 8	rib 8
627	CL:0001035	bone cell	bone cell	UBERON:0010757	rib 8	rib 8
628	CL:0001035	bone cell	bone cell	UBERON:0010757	rib 8	rib 8
629	CL:0001035	bone cell	bone cell	UBERON:0010757	rib 8	rib 8
630	CL:0001035	bone cell	bone cell	UBERON:0010757	rib 8	rib 8
615	CL:0001035	bone cell	bone cell	UBERON:0004607	rib 7	rib 7
631	CL:0001035	bone cell	bone cell	UBERON:0010757	rib 8	rib 8
633	CL:0001035	bone cell	bone cell	UBERON:0010757	rib 8	rib 8
634	CL:0001035	bone cell	bone cell	UBERON:0010757	rib 8	rib 8
635	CL:0001035	bone cell	bone cell	UBERON:0010757	rib 8	rib 8
636	CL:0001035	bone cell	bone cell	UBERON:0010757	rib 8	rib 8
637	CL:0001035	bone cell	bone cell	UBERON:0010757	rib 8	rib 8
638	CL:0001035	bone cell	bone cell	UBERON:0010757	rib 8	rib 8
639	CL:0001035	bone cell	bone cell	UBERON:0004608	rib 9	rib 9
640	CL:0001035	bone cell	bone cell	UBERON:0004608	rib 9	rib 9
641	CL:0001035	bone cell	bone cell	UBERON:0004608	rib 9	rib 9
642	CL:0001035	bone cell	bone cell	UBERON:0004608	rib 9	rib 9
643	CL:0001035	bone cell	bone cell	UBERON:0004608	rib 9	rib 9
644	CL:0001035	bone cell	bone cell	UBERON:0004608	rib 9	rib 9
645	CL:0001035	bone cell	bone cell	UBERON:0004608	rib 9	rib 9
646	CL:0001035	bone cell	bone cell	UBERON:0004608	rib 9	rib 9
632	CL:0001035	bone cell	bone cell	UBERON:0010757	rib 8	rib 8
549	CL:0001035	bone cell	bone cell	UBERON:0004602	rib 2	rib 2
815	CL:0001035	bone cell	bone cell	UBERON:0004619	lumbar vertebra 3	lumbar vertebra 3
817	CL:0001035	bone cell	bone cell	UBERON:0004619	lumbar vertebra 3	lumbar vertebra 3
986	CL:0001035	bone cell	bone cell	UBERON:0004629	thoracic vertebra 4	thoracic vertebra 4
987	CL:0001035	bone cell	bone cell	UBERON:0004629	thoracic vertebra 4	thoracic vertebra 4
988	CL:0001035	bone cell	bone cell	UBERON:0004629	thoracic vertebra 4	thoracic vertebra 4
989	CL:0001035	bone cell	bone cell	UBERON:0004629	thoracic vertebra 4	thoracic vertebra 4
990	CL:0001035	bone cell	bone cell	UBERON:0004629	thoracic vertebra 4	thoracic vertebra 4
991	CL:0001035	bone cell	bone cell	UBERON:0004629	thoracic vertebra 4	thoracic vertebra 4
992	CL:0001035	bone cell	bone cell	UBERON:0004629	thoracic vertebra 4	thoracic vertebra 4
993	CL:0001035	bone cell	bone cell	UBERON:0004629	thoracic vertebra 4	thoracic vertebra 4
994	CL:0001035	bone cell	bone cell	UBERON:0004629	thoracic vertebra 4	thoracic vertebra 4
995	CL:0001035	bone cell	bone cell	UBERON:0004629	thoracic vertebra 4	thoracic vertebra 4
996	CL:0001035	bone cell	bone cell	UBERON:0004629	thoracic vertebra 4	thoracic vertebra 4
997	CL:0001035	bone cell	bone cell	UBERON:0004629	thoracic vertebra 4	thoracic vertebra 4
998	CL:0001035	bone cell	bone cell	UBERON:0004629	thoracic vertebra 4	thoracic vertebra 4
999	CL:0001035	bone cell	bone cell	UBERON:0004630	thoracic vertebra 5	thoracic vertebra 5
1000	CL:0001035	bone cell	bone cell	UBERON:0004630	thoracic vertebra 5	thoracic vertebra 5
1001	CL:0001035	bone cell	bone cell	UBERON:0004630	thoracic vertebra 5	thoracic vertebra 5
1002	CL:0001035	bone cell	bone cell	UBERON:0004630	thoracic vertebra 5	thoracic vertebra 5
1003	CL:0001035	bone cell	bone cell	UBERON:0004630	thoracic vertebra 5	thoracic vertebra 5
1004	CL:0001035	bone cell	bone cell	UBERON:0004630	thoracic vertebra 5	thoracic vertebra 5
1005	CL:0001035	bone cell	bone cell	UBERON:0004630	thoracic vertebra 5	thoracic vertebra 5
1006	CL:0001035	bone cell	bone cell	UBERON:0004630	thoracic vertebra 5	thoracic vertebra 5
1007	CL:0001035	bone cell	bone cell	UBERON:0004630	thoracic vertebra 5	thoracic vertebra 5
1008	CL:0001035	bone cell	bone cell	UBERON:0004630	thoracic vertebra 5	thoracic vertebra 5
1009	CL:0001035	bone cell	bone cell	UBERON:0004630	thoracic vertebra 5	thoracic vertebra 5
1010	CL:0001035	bone cell	bone cell	UBERON:0004630	thoracic vertebra 5	thoracic vertebra 5
1011	CL:0001035	bone cell	bone cell	UBERON:0004630	thoracic vertebra 5	thoracic vertebra 5
1012	CL:0001035	bone cell	bone cell	UBERON:0004630	thoracic vertebra 5	thoracic vertebra 5
1013	CL:0001035	bone cell	bone cell	UBERON:0004630	thoracic vertebra 5	thoracic vertebra 5
1014	CL:0001035	bone cell	bone cell	UBERON:0004630	thoracic vertebra 5	thoracic vertebra 5
985	CL:0001035	bone cell	bone cell	UBERON:0004629	thoracic vertebra 4	thoracic vertebra 4
984	CL:0001035	bone cell	bone cell	UBERON:0004629	thoracic vertebra 4	thoracic vertebra 4
983	CL:0001035	bone cell	bone cell	UBERON:0004629	thoracic vertebra 4	thoracic vertebra 4
982	CL:0001035	bone cell	bone cell	UBERON:0004629	thoracic vertebra 4	thoracic vertebra 4
952	CL:0001035	bone cell	bone cell	UBERON:0004627	thoracic vertebra 2	thoracic vertebra 2
953	CL:0001035	bone cell	bone cell	UBERON:0004627	thoracic vertebra 2	thoracic vertebra 2
954	CL:0001035	bone cell	bone cell	UBERON:0004627	thoracic vertebra 2	thoracic vertebra 2
955	CL:0001035	bone cell	bone cell	UBERON:0004627	thoracic vertebra 2	thoracic vertebra 2
956	CL:0001035	bone cell	bone cell	UBERON:0004627	thoracic vertebra 2	thoracic vertebra 2
957	CL:0001035	bone cell	bone cell	UBERON:0004627	thoracic vertebra 2	thoracic vertebra 2
958	CL:0001035	bone cell	bone cell	UBERON:0004627	thoracic vertebra 2	thoracic vertebra 2
959	CL:0001035	bone cell	bone cell	UBERON:0004627	thoracic vertebra 2	thoracic vertebra 2
960	CL:0001035	bone cell	bone cell	UBERON:0004627	thoracic vertebra 2	thoracic vertebra 2
961	CL:0001035	bone cell	bone cell	UBERON:0004627	thoracic vertebra 2	thoracic vertebra 2
962	CL:0001035	bone cell	bone cell	UBERON:0004627	thoracic vertebra 2	thoracic vertebra 2
963	CL:0001035	bone cell	bone cell	UBERON:0004627	thoracic vertebra 2	thoracic vertebra 2
964	CL:0001035	bone cell	bone cell	UBERON:0004627	thoracic vertebra 2	thoracic vertebra 2
965	CL:0001035	bone cell	bone cell	UBERON:0004628	thoracic vertebra 3	thoracic vertebra 3
1015	CL:0001035	bone cell	bone cell	UBERON:0004630	thoracic vertebra 5	thoracic vertebra 5
966	CL:0001035	bone cell	bone cell	UBERON:0004628	thoracic vertebra 3	thoracic vertebra 3
968	CL:0001035	bone cell	bone cell	UBERON:0004628	thoracic vertebra 3	thoracic vertebra 3
969	CL:0001035	bone cell	bone cell	UBERON:0004628	thoracic vertebra 3	thoracic vertebra 3
970	CL:0001035	bone cell	bone cell	UBERON:0004628	thoracic vertebra 3	thoracic vertebra 3
971	CL:0001035	bone cell	bone cell	UBERON:0004628	thoracic vertebra 3	thoracic vertebra 3
972	CL:0001035	bone cell	bone cell	UBERON:0004628	thoracic vertebra 3	thoracic vertebra 3
973	CL:0001035	bone cell	bone cell	UBERON:0004628	thoracic vertebra 3	thoracic vertebra 3
974	CL:0001035	bone cell	bone cell	UBERON:0004628	thoracic vertebra 3	thoracic vertebra 3
975	CL:0001035	bone cell	bone cell	UBERON:0004628	thoracic vertebra 3	thoracic vertebra 3
976	CL:0001035	bone cell	bone cell	UBERON:0004628	thoracic vertebra 3	thoracic vertebra 3
977	CL:0001035	bone cell	bone cell	UBERON:0004628	thoracic vertebra 3	thoracic vertebra 3
978	CL:0001035	bone cell	bone cell	UBERON:0004628	thoracic vertebra 3	thoracic vertebra 3
979	CL:0001035	bone cell	bone cell	UBERON:0004628	thoracic vertebra 3	thoracic vertebra 3
980	CL:0001035	bone cell	bone cell	UBERON:0004628	thoracic vertebra 3	thoracic vertebra 3
981	CL:0001035	bone cell	bone cell	UBERON:0004628	thoracic vertebra 3	thoracic vertebra 3
967	CL:0001035	bone cell	bone cell	UBERON:0004628	thoracic vertebra 3	thoracic vertebra 3
951	CL:0001035	bone cell	bone cell	UBERON:0004627	thoracic vertebra 2	thoracic vertebra 2
1016	CL:0001035	bone cell	bone cell	UBERON:0004631	thoracic vertebra 6	thoracic vertebra 6
1018	CL:0001035	bone cell	bone cell	UBERON:0004631	thoracic vertebra 6	thoracic vertebra 6
1053	CL:0001035	bone cell	bone cell	UBERON:0011050	thoracic vertebra 8	thoracic vertebra 8
1054	CL:0001035	bone cell	bone cell	UBERON:0011050	thoracic vertebra 8	thoracic vertebra 8
1055	CL:0001035	bone cell	bone cell	UBERON:0011050	thoracic vertebra 8	thoracic vertebra 8
1056	CL:0001035	bone cell	bone cell	UBERON:0011050	thoracic vertebra 8	thoracic vertebra 8
1057	CL:0001035	bone cell	bone cell	UBERON:0011050	thoracic vertebra 8	thoracic vertebra 8
1058	CL:0001035	bone cell	bone cell	UBERON:0011050	thoracic vertebra 8	thoracic vertebra 8
1059	CL:0001035	bone cell	bone cell	UBERON:0011050	thoracic vertebra 8	thoracic vertebra 8
1060	CL:0001035	bone cell	bone cell	UBERON:0011050	thoracic vertebra 8	thoracic vertebra 8
1061	CL:0001035	bone cell	bone cell	UBERON:0011050	thoracic vertebra 8	thoracic vertebra 8
1062	CL:0001035	bone cell	bone cell	UBERON:0011050	thoracic vertebra 8	thoracic vertebra 8
1063	CL:0001035	bone cell	bone cell	UBERON:0011050	thoracic vertebra 8	thoracic vertebra 8
1064	CL:0001035	bone cell	bone cell	UBERON:0011050	thoracic vertebra 8	thoracic vertebra 8
1065	CL:0001035	bone cell	bone cell	UBERON:0011050	thoracic vertebra 8	thoracic vertebra 8
1066	CL:0001035	bone cell	bone cell	UBERON:0011050	thoracic vertebra 8	thoracic vertebra 8
1067	CL:0001035	bone cell	bone cell	UBERON:0004633	thoracic vertebra 9	thoracic vertebra 9
1068	CL:0001035	bone cell	bone cell	UBERON:0004633	thoracic vertebra 9	thoracic vertebra 9
1069	CL:0001035	bone cell	bone cell	UBERON:0004633	thoracic vertebra 9	thoracic vertebra 9
1070	CL:0001035	bone cell	bone cell	UBERON:0004633	thoracic vertebra 9	thoracic vertebra 9
1071	CL:0001035	bone cell	bone cell	UBERON:0004633	thoracic vertebra 9	thoracic vertebra 9
1072	CL:0001035	bone cell	bone cell	UBERON:0004633	thoracic vertebra 9	thoracic vertebra 9
1073	CL:0001035	bone cell	bone cell	UBERON:0004633	thoracic vertebra 9	thoracic vertebra 9
1074	CL:0001035	bone cell	bone cell	UBERON:0004633	thoracic vertebra 9	thoracic vertebra 9
1075	CL:0001035	bone cell	bone cell	UBERON:0004633	thoracic vertebra 9	thoracic vertebra 9
1076	CL:0001035	bone cell	bone cell	UBERON:0004633	thoracic vertebra 9	thoracic vertebra 9
1077	CL:0001035	bone cell	bone cell	UBERON:0004633	thoracic vertebra 9	thoracic vertebra 9
1078	CL:0001035	bone cell	bone cell	UBERON:0004633	thoracic vertebra 9	thoracic vertebra 9
1079	CL:0001035	bone cell	bone cell	UBERON:0004633	thoracic vertebra 9	thoracic vertebra 9
1080	CL:0001035	bone cell	bone cell	UBERON:0004633	thoracic vertebra 9	thoracic vertebra 9
1081	CL:0001035	bone cell	bone cell	UBERON:0004633	thoracic vertebra 9	thoracic vertebra 9
1052	CL:0001035	bone cell	bone cell	UBERON:0011050	thoracic vertebra 8	thoracic vertebra 8
1051	CL:0001035	bone cell	bone cell	UBERON:0011050	thoracic vertebra 8	thoracic vertebra 8
1050	CL:0001035	bone cell	bone cell	UBERON:0011050	thoracic vertebra 8	thoracic vertebra 8
1049	CL:0001035	bone cell	bone cell	UBERON:0004632	thoracic vertebra 7	thoracic vertebra 7
1019	CL:0001035	bone cell	bone cell	UBERON:0004631	thoracic vertebra 6	thoracic vertebra 6
1020	CL:0001035	bone cell	bone cell	UBERON:0004631	thoracic vertebra 6	thoracic vertebra 6
1021	CL:0001035	bone cell	bone cell	UBERON:0004631	thoracic vertebra 6	thoracic vertebra 6
1022	CL:0001035	bone cell	bone cell	UBERON:0004631	thoracic vertebra 6	thoracic vertebra 6
1023	CL:0001035	bone cell	bone cell	UBERON:0004631	thoracic vertebra 6	thoracic vertebra 6
1024	CL:0001035	bone cell	bone cell	UBERON:0004631	thoracic vertebra 6	thoracic vertebra 6
1025	CL:0001035	bone cell	bone cell	UBERON:0004631	thoracic vertebra 6	thoracic vertebra 6
1026	CL:0001035	bone cell	bone cell	UBERON:0004631	thoracic vertebra 6	thoracic vertebra 6
1027	CL:0001035	bone cell	bone cell	UBERON:0004631	thoracic vertebra 6	thoracic vertebra 6
1028	CL:0001035	bone cell	bone cell	UBERON:0004631	thoracic vertebra 6	thoracic vertebra 6
1029	CL:0001035	bone cell	bone cell	UBERON:0004631	thoracic vertebra 6	thoracic vertebra 6
1030	CL:0001035	bone cell	bone cell	UBERON:0004631	thoracic vertebra 6	thoracic vertebra 6
1031	CL:0001035	bone cell	bone cell	UBERON:0004631	thoracic vertebra 6	thoracic vertebra 6
1032	CL:0001035	bone cell	bone cell	UBERON:0004631	thoracic vertebra 6	thoracic vertebra 6
1017	CL:0001035	bone cell	bone cell	UBERON:0004631	thoracic vertebra 6	thoracic vertebra 6
1033	CL:0001035	bone cell	bone cell	UBERON:0004632	thoracic vertebra 7	thoracic vertebra 7
1035	CL:0001035	bone cell	bone cell	UBERON:0004632	thoracic vertebra 7	thoracic vertebra 7
1036	CL:0001035	bone cell	bone cell	UBERON:0004632	thoracic vertebra 7	thoracic vertebra 7
1037	CL:0001035	bone cell	bone cell	UBERON:0004632	thoracic vertebra 7	thoracic vertebra 7
1038	CL:0001035	bone cell	bone cell	UBERON:0004632	thoracic vertebra 7	thoracic vertebra 7
1039	CL:0001035	bone cell	bone cell	UBERON:0004632	thoracic vertebra 7	thoracic vertebra 7
1040	CL:0001035	bone cell	bone cell	UBERON:0004632	thoracic vertebra 7	thoracic vertebra 7
1041	CL:0001035	bone cell	bone cell	UBERON:0004632	thoracic vertebra 7	thoracic vertebra 7
1042	CL:0001035	bone cell	bone cell	UBERON:0004632	thoracic vertebra 7	thoracic vertebra 7
1043	CL:0001035	bone cell	bone cell	UBERON:0004632	thoracic vertebra 7	thoracic vertebra 7
1044	CL:0001035	bone cell	bone cell	UBERON:0004632	thoracic vertebra 7	thoracic vertebra 7
1045	CL:0001035	bone cell	bone cell	UBERON:0004632	thoracic vertebra 7	thoracic vertebra 7
1046	CL:0001035	bone cell	bone cell	UBERON:0004632	thoracic vertebra 7	thoracic vertebra 7
1047	CL:0001035	bone cell	bone cell	UBERON:0004632	thoracic vertebra 7	thoracic vertebra 7
1048	CL:0001035	bone cell	bone cell	UBERON:0004632	thoracic vertebra 7	thoracic vertebra 7
1034	CL:0001035	bone cell	bone cell	UBERON:0004632	thoracic vertebra 7	thoracic vertebra 7
816	CL:0001035	bone cell	bone cell	UBERON:0004619	lumbar vertebra 3	lumbar vertebra 3
950	CL:0001035	bone cell	bone cell	UBERON:0004627	thoracic vertebra 2	thoracic vertebra 2
948	CL:0001035	bone cell	bone cell	UBERON:0004627	thoracic vertebra 2	thoracic vertebra 2
852	CL:0001035	bone cell	bone cell	UBERON:0004621	lumbar vertebra 5	lumbar vertebra 5
853	CL:0001035	bone cell	bone cell	UBERON:0004621	lumbar vertebra 5	lumbar vertebra 5
854	CL:0001035	bone cell	bone cell	UBERON:0004621	lumbar vertebra 5	lumbar vertebra 5
855	CL:0001035	bone cell	bone cell	UBERON:0004621	lumbar vertebra 5	lumbar vertebra 5
856	CL:0001035	bone cell	bone cell	UBERON:0004621	lumbar vertebra 5	lumbar vertebra 5
857	CL:0001035	bone cell	bone cell	UBERON:0004621	lumbar vertebra 5	lumbar vertebra 5
858	CL:0001035	bone cell	bone cell	UBERON:0004621	lumbar vertebra 5	lumbar vertebra 5
859	CL:0001035	bone cell	bone cell	UBERON:0004621	lumbar vertebra 5	lumbar vertebra 5
860	CL:0001035	bone cell	bone cell	UBERON:0004621	lumbar vertebra 5	lumbar vertebra 5
861	CL:0001035	bone cell	bone cell	UBERON:0001094	sacral vertebra	sacral vertebra
862	CL:0001035	bone cell	bone cell	UBERON:0003690	fused sacrum	sacrum
863	CL:0001035	bone cell	bone cell	UBERON:0003690	fused sacrum	sacrum
864	CL:0001035	bone cell	bone cell	UBERON:0003690	fused sacrum	sacrum
865	CL:0001035	bone cell	bone cell	UBERON:0003690	fused sacrum	sacrum
866	CL:0001035	bone cell	bone cell	UBERON:0003690	fused sacrum	sacrum
867	CL:0001035	bone cell	bone cell	UBERON:0003690	fused sacrum	sacrum
868	CL:0001035	bone cell	bone cell	UBERON:0003690	fused sacrum	sacrum
869	CL:0001035	bone cell	bone cell	UBERON:0003690	fused sacrum	sacrum
870	CL:0001035	bone cell	bone cell	UBERON:0003690	fused sacrum	sacrum
871	CL:0001035	bone cell	bone cell	UBERON:0003690	fused sacrum	sacrum
872	CL:0001035	bone cell	bone cell	UBERON:0003690	fused sacrum	sacrum
873	CL:0001035	bone cell	bone cell	UBERON:0003690	fused sacrum	sacrum
874	CL:0001035	bone cell	bone cell	UBERON:0003690	fused sacrum	sacrum
875	CL:0001035	bone cell	bone cell	UBERON:0003690	fused sacrum	sacrum
876	CL:0001035	bone cell	bone cell	UBERON:0003690	fused sacrum	sacrum
877	CL:0001035	bone cell	bone cell	UBERON:0003690	fused sacrum	sacrum
878	CL:0001035	bone cell	bone cell	UBERON:0003690	fused sacrum	sacrum
879	CL:0001035	bone cell	bone cell	UBERON:0003690	fused sacrum	sacrum
880	CL:0001035	bone cell	bone cell	UBERON:0003690	fused sacrum	sacrum
851	CL:0001035	bone cell	bone cell	UBERON:0004621	lumbar vertebra 5	lumbar vertebra 5
850	CL:0001035	bone cell	bone cell	UBERON:0004621	lumbar vertebra 5	lumbar vertebra 5
849	CL:0001035	bone cell	bone cell	UBERON:0004621	lumbar vertebra 5	lumbar vertebra 5
848	CL:0001035	bone cell	bone cell	UBERON:0004621	lumbar vertebra 5	lumbar vertebra 5
818	CL:0001035	bone cell	bone cell	UBERON:0004619	lumbar vertebra 3	lumbar vertebra 3
819	CL:0001035	bone cell	bone cell	UBERON:0004619	lumbar vertebra 3	lumbar vertebra 3
820	CL:0001035	bone cell	bone cell	UBERON:0004619	lumbar vertebra 3	lumbar vertebra 3
821	CL:0001035	bone cell	bone cell	UBERON:0004619	lumbar vertebra 3	lumbar vertebra 3
822	CL:0001035	bone cell	bone cell	UBERON:0004619	lumbar vertebra 3	lumbar vertebra 3
823	CL:0001035	bone cell	bone cell	UBERON:0004619	lumbar vertebra 3	lumbar vertebra 3
824	CL:0001035	bone cell	bone cell	UBERON:0004619	lumbar vertebra 3	lumbar vertebra 3
825	CL:0001035	bone cell	bone cell	UBERON:0004619	lumbar vertebra 3	lumbar vertebra 3
826	CL:0001035	bone cell	bone cell	UBERON:0004619	lumbar vertebra 3	lumbar vertebra 3
827	CL:0001035	bone cell	bone cell	UBERON:0004619	lumbar vertebra 3	lumbar vertebra 3
828	CL:0001035	bone cell	bone cell	UBERON:0004619	lumbar vertebra 3	lumbar vertebra 3
829	CL:0001035	bone cell	bone cell	UBERON:0004620	lumbar vertebra 4	lumbar vertebra 4
830	CL:0001035	bone cell	bone cell	UBERON:0004620	lumbar vertebra 4	lumbar vertebra 4
831	CL:0001035	bone cell	bone cell	UBERON:0004620	lumbar vertebra 4	lumbar vertebra 4
881	CL:0001035	bone cell	bone cell	UBERON:0002347	thoracic vertebra	thoracic vertebra
832	CL:0001035	bone cell	bone cell	UBERON:0004620	lumbar vertebra 4	lumbar vertebra 4
834	CL:0001035	bone cell	bone cell	UBERON:0004620	lumbar vertebra 4	lumbar vertebra 4
835	CL:0001035	bone cell	bone cell	UBERON:0004620	lumbar vertebra 4	lumbar vertebra 4
836	CL:0001035	bone cell	bone cell	UBERON:0004620	lumbar vertebra 4	lumbar vertebra 4
837	CL:0001035	bone cell	bone cell	UBERON:0004620	lumbar vertebra 4	lumbar vertebra 4
838	CL:0001035	bone cell	bone cell	UBERON:0004620	lumbar vertebra 4	lumbar vertebra 4
839	CL:0001035	bone cell	bone cell	UBERON:0004620	lumbar vertebra 4	lumbar vertebra 4
840	CL:0001035	bone cell	bone cell	UBERON:0004620	lumbar vertebra 4	lumbar vertebra 4
841	CL:0001035	bone cell	bone cell	UBERON:0004620	lumbar vertebra 4	lumbar vertebra 4
842	CL:0001035	bone cell	bone cell	UBERON:0004620	lumbar vertebra 4	lumbar vertebra 4
843	CL:0001035	bone cell	bone cell	UBERON:0004620	lumbar vertebra 4	lumbar vertebra 4
844	CL:0001035	bone cell	bone cell	UBERON:0004620	lumbar vertebra 4	lumbar vertebra 4
845	CL:0001035	bone cell	bone cell	UBERON:0004621	lumbar vertebra 5	lumbar vertebra 5
846	CL:0001035	bone cell	bone cell	UBERON:0004621	lumbar vertebra 5	lumbar vertebra 5
847	CL:0001035	bone cell	bone cell	UBERON:0004621	lumbar vertebra 5	lumbar vertebra 5
833	CL:0001035	bone cell	bone cell	UBERON:0004620	lumbar vertebra 4	lumbar vertebra 4
949	CL:0001035	bone cell	bone cell	UBERON:0004627	thoracic vertebra 2	thoracic vertebra 2
882	CL:0001035	bone cell	bone cell	UBERON:0004626	thoracic vertebra 1	thoracic vertebra 1
884	CL:0001035	bone cell	bone cell	UBERON:0004626	thoracic vertebra 1	thoracic vertebra 1
919	CL:0001035	bone cell	bone cell	UBERON:0004635	thoracic vertebra 11	thoracic vertebra 11
920	CL:0001035	bone cell	bone cell	UBERON:0004635	thoracic vertebra 11	thoracic vertebra 11
921	CL:0001035	bone cell	bone cell	UBERON:0004635	thoracic vertebra 11	thoracic vertebra 11
922	CL:0001035	bone cell	bone cell	UBERON:0004635	thoracic vertebra 11	thoracic vertebra 11
923	CL:0001035	bone cell	bone cell	UBERON:0004635	thoracic vertebra 11	thoracic vertebra 11
924	CL:0001035	bone cell	bone cell	UBERON:0004635	thoracic vertebra 11	thoracic vertebra 11
925	CL:0001035	bone cell	bone cell	UBERON:0004635	thoracic vertebra 11	thoracic vertebra 11
926	CL:0001035	bone cell	bone cell	UBERON:0004635	thoracic vertebra 11	thoracic vertebra 11
927	CL:0001035	bone cell	bone cell	UBERON:0004635	thoracic vertebra 11	thoracic vertebra 11
928	CL:0001035	bone cell	bone cell	UBERON:0004635	thoracic vertebra 11	thoracic vertebra 11
929	CL:0001035	bone cell	bone cell	UBERON:0004635	thoracic vertebra 11	thoracic vertebra 11
930	CL:0001035	bone cell	bone cell	UBERON:0004635	thoracic vertebra 11	thoracic vertebra 11
931	CL:0001035	bone cell	bone cell	UBERON:0004635	thoracic vertebra 11	thoracic vertebra 11
932	CL:0001035	bone cell	bone cell	UBERON:0004635	thoracic vertebra 11	thoracic vertebra 11
933	CL:0001035	bone cell	bone cell	UBERON:0004636	thoracic vertebra 12	thoracic vertebra 12
934	CL:0001035	bone cell	bone cell	UBERON:0004636	thoracic vertebra 12	thoracic vertebra 12
935	CL:0001035	bone cell	bone cell	UBERON:0004636	thoracic vertebra 12	thoracic vertebra 12
936	CL:0001035	bone cell	bone cell	UBERON:0004636	thoracic vertebra 12	thoracic vertebra 12
937	CL:0001035	bone cell	bone cell	UBERON:0004636	thoracic vertebra 12	thoracic vertebra 12
938	CL:0001035	bone cell	bone cell	UBERON:0004636	thoracic vertebra 12	thoracic vertebra 12
939	CL:0001035	bone cell	bone cell	UBERON:0004636	thoracic vertebra 12	thoracic vertebra 12
940	CL:0001035	bone cell	bone cell	UBERON:0004636	thoracic vertebra 12	thoracic vertebra 12
941	CL:0001035	bone cell	bone cell	UBERON:0004636	thoracic vertebra 12	thoracic vertebra 12
942	CL:0001035	bone cell	bone cell	UBERON:0004636	thoracic vertebra 12	thoracic vertebra 12
943	CL:0001035	bone cell	bone cell	UBERON:0004636	thoracic vertebra 12	thoracic vertebra 12
944	CL:0001035	bone cell	bone cell	UBERON:0004636	thoracic vertebra 12	thoracic vertebra 12
945	CL:0001035	bone cell	bone cell	UBERON:0004636	thoracic vertebra 12	thoracic vertebra 12
946	CL:0001035	bone cell	bone cell	UBERON:0004636	thoracic vertebra 12	thoracic vertebra 12
947	CL:0001035	bone cell	bone cell	UBERON:0004636	thoracic vertebra 12	thoracic vertebra 12
918	CL:0001035	bone cell	bone cell	UBERON:0004635	thoracic vertebra 11	thoracic vertebra 11
917	CL:0001035	bone cell	bone cell	UBERON:0004635	thoracic vertebra 11	thoracic vertebra 11
916	CL:0001035	bone cell	bone cell	UBERON:0004635	thoracic vertebra 11	thoracic vertebra 11
915	CL:0001035	bone cell	bone cell	UBERON:0004634	thoracic vertebra 10	thoracic vertebra 10
885	CL:0001035	bone cell	bone cell	UBERON:0004626	thoracic vertebra 1	thoracic vertebra 1
886	CL:0001035	bone cell	bone cell	UBERON:0004626	thoracic vertebra 1	thoracic vertebra 1
887	CL:0001035	bone cell	bone cell	UBERON:0004626	thoracic vertebra 1	thoracic vertebra 1
888	CL:0001035	bone cell	bone cell	UBERON:0004626	thoracic vertebra 1	thoracic vertebra 1
889	CL:0001035	bone cell	bone cell	UBERON:0004626	thoracic vertebra 1	thoracic vertebra 1
890	CL:0001035	bone cell	bone cell	UBERON:0004626	thoracic vertebra 1	thoracic vertebra 1
891	CL:0001035	bone cell	bone cell	UBERON:0004626	thoracic vertebra 1	thoracic vertebra 1
892	CL:0001035	bone cell	bone cell	UBERON:0004626	thoracic vertebra 1	thoracic vertebra 1
893	CL:0001035	bone cell	bone cell	UBERON:0004626	thoracic vertebra 1	thoracic vertebra 1
894	CL:0001035	bone cell	bone cell	UBERON:0004626	thoracic vertebra 1	thoracic vertebra 1
895	CL:0001035	bone cell	bone cell	UBERON:0004626	thoracic vertebra 1	thoracic vertebra 1
896	CL:0001035	bone cell	bone cell	UBERON:0004626	thoracic vertebra 1	thoracic vertebra 1
897	CL:0001035	bone cell	bone cell	UBERON:0004626	thoracic vertebra 1	thoracic vertebra 1
898	CL:0001035	bone cell	bone cell	UBERON:0004626	thoracic vertebra 1	thoracic vertebra 1
883	CL:0001035	bone cell	bone cell	UBERON:0004626	thoracic vertebra 1	thoracic vertebra 1
899	CL:0001035	bone cell	bone cell	UBERON:0004634	thoracic vertebra 10	thoracic vertebra 10
901	CL:0001035	bone cell	bone cell	UBERON:0004634	thoracic vertebra 10	thoracic vertebra 10
902	CL:0001035	bone cell	bone cell	UBERON:0004634	thoracic vertebra 10	thoracic vertebra 10
903	CL:0001035	bone cell	bone cell	UBERON:0004634	thoracic vertebra 10	thoracic vertebra 10
904	CL:0001035	bone cell	bone cell	UBERON:0004634	thoracic vertebra 10	thoracic vertebra 10
905	CL:0001035	bone cell	bone cell	UBERON:0004634	thoracic vertebra 10	thoracic vertebra 10
906	CL:0001035	bone cell	bone cell	UBERON:0004634	thoracic vertebra 10	thoracic vertebra 10
907	CL:0001035	bone cell	bone cell	UBERON:0004634	thoracic vertebra 10	thoracic vertebra 10
908	CL:0001035	bone cell	bone cell	UBERON:0004634	thoracic vertebra 10	thoracic vertebra 10
909	CL:0001035	bone cell	bone cell	UBERON:0004634	thoracic vertebra 10	thoracic vertebra 10
910	CL:0001035	bone cell	bone cell	UBERON:0004634	thoracic vertebra 10	thoracic vertebra 10
911	CL:0001035	bone cell	bone cell	UBERON:0004634	thoracic vertebra 10	thoracic vertebra 10
912	CL:0001035	bone cell	bone cell	UBERON:0004634	thoracic vertebra 10	thoracic vertebra 10
913	CL:0001035	bone cell	bone cell	UBERON:0004634	thoracic vertebra 10	thoracic vertebra 10
914	CL:0001035	bone cell	bone cell	UBERON:0004634	thoracic vertebra 10	thoracic vertebra 10
900	CL:0001035	bone cell	bone cell	UBERON:0004634	thoracic vertebra 10	thoracic vertebra 10
548	CL:0001035	bone cell	bone cell	UBERON:0004611	rib 12	rib 12
547	CL:0001035	bone cell	bone cell	UBERON:0004611	rib 12	rib 12
546	CL:0001035	bone cell	bone cell	UBERON:0004611	rib 12	rib 12
181	CL:0001035	bone cell	bone cell	UBERON:0001450	calcaneus	calcaneus
182	CL:0001035	bone cell	bone cell	UBERON:0001450	calcaneus	calcaneus
183	CL:0001035	bone cell	bone cell	UBERON:0001450	calcaneus	calcaneus
184	CL:0001035	bone cell	bone cell	UBERON:0001450	calcaneus	calcaneus
185	CL:0001035	bone cell	bone cell	UBERON:0001450	calcaneus	calcaneus
186	CL:0001035	bone cell	bone cell	UBERON:0001450	calcaneus	calcaneus
187	CL:0001035	bone cell	bone cell	UBERON:0001450	calcaneus	calcaneus
188	CL:0001035	bone cell	bone cell	UBERON:0001450	calcaneus	calcaneus
189	CL:0001035	bone cell	bone cell	UBERON:0001450	calcaneus	calcaneus
190	CL:0001035	bone cell	bone cell	UBERON:0001455	cuboid bone	cuboid bone
191	CL:0001035	bone cell	bone cell	UBERON:0001455	cuboid bone	cuboid bone
192	CL:0001035	bone cell	bone cell	UBERON:0001455	cuboid bone	cuboid bone
193	CL:0001035	bone cell	bone cell	UBERON:0004315	distal phalanx of pedal digit 1	distal phalanx of digit of foot 1
194	CL:0001035	bone cell	bone cell	UBERON:0004315	distal phalanx of pedal digit 1	distal phalanx of digit of foot 1
195	CL:0001035	bone cell	bone cell	UBERON:0004315	distal phalanx of pedal digit 1	distal phalanx of digit of foot 1
196	CL:0001035	bone cell	bone cell	UBERON:0004315	distal phalanx of pedal digit 1	distal phalanx of digit of foot 1
197	CL:0001035	bone cell	bone cell	UBERON:0004316	distal phalanx of pedal digit 2	distal phalanx of digit of foot 2
198	CL:0001035	bone cell	bone cell	UBERON:0004316	distal phalanx of pedal digit 2	distal phalanx of digit of foot 2
199	CL:0001035	bone cell	bone cell	UBERON:0004316	distal phalanx of pedal digit 2	distal phalanx of digit of foot 2
200	CL:0001035	bone cell	bone cell	UBERON:0004316	distal phalanx of pedal digit 2	distal phalanx of digit of foot 2
201	CL:0001035	bone cell	bone cell	UBERON:0004317	distal phalanx of pedal digit 3	distal phalanx of digit of foot 3
202	CL:0001035	bone cell	bone cell	UBERON:0004317	distal phalanx of pedal digit 3	distal phalanx of digit of foot 3
203	CL:0001035	bone cell	bone cell	UBERON:0004317	distal phalanx of pedal digit 3	distal phalanx of digit of foot 3
204	CL:0001035	bone cell	bone cell	UBERON:0004317	distal phalanx of pedal digit 3	distal phalanx of digit of foot 3
205	CL:0001035	bone cell	bone cell	UBERON:0004318	distal phalanx of pedal digit 4	distal phalanx of digit of foot 4
206	CL:0001035	bone cell	bone cell	UBERON:0004318	distal phalanx of pedal digit 4	distal phalanx of digit of foot 4
207	CL:0001035	bone cell	bone cell	UBERON:0004318	distal phalanx of pedal digit 4	distal phalanx of digit of foot 4
208	CL:0001035	bone cell	bone cell	UBERON:0004318	distal phalanx of pedal digit 4	distal phalanx of digit of foot 4
209	CL:0001035	bone cell	bone cell	UBERON:0004319	distal phalanx of pedal digit 5	distal phalanx of digit of foot 5
180	CL:0001035	bone cell	bone cell	UBERON:0001450	calcaneus	calcaneus
179	CL:0001035	bone cell	bone cell	UBERON:0001450	calcaneus	calcaneus
178	CL:0001035	bone cell	bone cell	UBERON:0001450	calcaneus	calcaneus
177	CL:0001035	bone cell	bone cell	UBERON:0001450	calcaneus	calcaneus
147	CL:0001035	bone cell	bone cell	UBERON:0007829	pectoral girdle bone	pectoral girdle bone
148	CL:0001035	bone cell	bone cell	UBERON:0001105	clavicle bone	clavicle bone
149	CL:0001035	bone cell	bone cell	UBERON:0001105	clavicle bone	clavicle bone
150	CL:0001035	bone cell	bone cell	UBERON:0001105	clavicle bone	clavicle bone
151	CL:0001035	bone cell	bone cell	UBERON:0001105	clavicle bone	clavicle bone
152	CL:0001035	bone cell	bone cell	UBERON:0001105	clavicle bone	clavicle bone
153	CL:0001035	bone cell	bone cell	UBERON:0006805	sternal end of clavicle	sternal end of clavicle
154	CL:0001035	bone cell	bone cell	UBERON:0001105	clavicle bone	clavicle bone
155	CL:0001035	bone cell	bone cell	UBERON:0001105	clavicle bone	clavicle bone
156	CL:0001035	bone cell	bone cell	UBERON:0001105	clavicle bone	clavicle bone
157	CL:0001035	bone cell	bone cell	UBERON:0006849	scapula	scapula
158	CL:0001035	bone cell	bone cell	UBERON:0006849	scapula	scapula
159	CL:0001035	bone cell	bone cell	UBERON:0006849	scapula	scapula
160	CL:0001035	bone cell	bone cell	UBERON:0006633	coracoid process of scapula	coracoid process of scapula
210	CL:0001035	bone cell	bone cell	UBERON:0004319	distal phalanx of pedal digit 5	distal phalanx of digit of foot 5
161	CL:0001035	bone cell	bone cell	UBERON:0006849	scapula	scapula
163	CL:0001035	bone cell	bone cell	UBERON:0006849	scapula	scapula
164	CL:0001035	bone cell	bone cell	UBERON:0006849	scapula	scapula
165	CL:0001035	bone cell	bone cell	UBERON:0007173	lateral border of scapula	lateral border of scapula
166	CL:0001035	bone cell	bone cell	UBERON:0007174	medial border of scapula	medial border of scapula
167	CL:0001035	bone cell	bone cell	UBERON:0006849	scapula	scapula
168	CL:0001035	bone cell	bone cell	UBERON:0006849	scapula	scapula
169	CL:0001035	bone cell	bone cell	UBERON:0006849	scapula	scapula
170	CL:0001035	bone cell	bone cell	UBERON:0006849	scapula	scapula
171	CL:0001035	bone cell	bone cell	UBERON:0007176	superior angle of scapula	superior angle of scapula
172	CL:0001035	bone cell	bone cell	UBERON:0006849	scapula	scapula
173	CL:0001035	bone cell	bone cell	UBERON:0006849	scapula	scapula
174	CL:0001035	bone cell	bone cell	UBERON:0006849	scapula	scapula
175	CL:0001035	bone cell	bone cell	UBERON:0005893	leg bone	leg bone
176	CL:0001035	bone cell	bone cell	UBERON:0005899	pes bone	foot bone
162	CL:0001035	bone cell	bone cell	UBERON:0007175	inferior angle of scapula	inferior angle of scapula
146	CL:0001035	bone cell	bone cell	UBERON:0002445	ulnare	ulnare
211	CL:0001035	bone cell	bone cell	UBERON:0004319	distal phalanx of pedal digit 5	distal phalanx of digit of foot 5
213	CL:0001035	bone cell	bone cell	UBERON:0001452	distal tarsal bone 1	distal tarsal bone 1
248	CL:0001035	bone cell	bone cell	UBERON:0004326	middle phalanx of pedal digit 4	middle phalanx of digit of foot 4
249	CL:0001035	bone cell	bone cell	UBERON:0004327	middle phalanx of pedal digit 5	middle phalanx of digit of foot 5
250	CL:0001035	bone cell	bone cell	UBERON:0004327	middle phalanx of pedal digit 5	middle phalanx of digit of foot 5
251	CL:0001035	bone cell	bone cell	UBERON:0004327	middle phalanx of pedal digit 5	middle phalanx of digit of foot 5
252	CL:0001035	bone cell	bone cell	UBERON:0004327	middle phalanx of pedal digit 5	middle phalanx of digit of foot 5
253	CL:0001035	bone cell	bone cell	UBERON:0001451	navicular bone of pes	navicular bone of foot
254	CL:0001035	bone cell	bone cell	UBERON:0001451	navicular bone of pes	navicular bone of foot
255	CL:0001035	bone cell	bone cell	UBERON:0004332	proximal phalanx of pedal digit 1	proximal phalanx of digit of foot 1
256	CL:0001035	bone cell	bone cell	UBERON:0004332	proximal phalanx of pedal digit 1	proximal phalanx of digit of foot 1
257	CL:0001035	bone cell	bone cell	UBERON:0004332	proximal phalanx of pedal digit 1	proximal phalanx of digit of foot 1
258	CL:0001035	bone cell	bone cell	UBERON:0004332	proximal phalanx of pedal digit 1	proximal phalanx of digit of foot 1
259	CL:0001035	bone cell	bone cell	UBERON:0004333	proximal phalanx of pedal digit 2	proximal phalanx of digit of foot 2
260	CL:0001035	bone cell	bone cell	UBERON:0004333	proximal phalanx of pedal digit 2	proximal phalanx of digit of foot 2
261	CL:0001035	bone cell	bone cell	UBERON:0004333	proximal phalanx of pedal digit 2	proximal phalanx of digit of foot 2
262	CL:0001035	bone cell	bone cell	UBERON:0004333	proximal phalanx of pedal digit 2	proximal phalanx of digit of foot 2
263	CL:0001035	bone cell	bone cell	UBERON:0004334	proximal phalanx of pedal digit 3	proximal phalanx of digit of foot 3
264	CL:0001035	bone cell	bone cell	UBERON:0004334	proximal phalanx of pedal digit 3	proximal phalanx of digit of foot 3
265	CL:0001035	bone cell	bone cell	UBERON:0004334	proximal phalanx of pedal digit 3	proximal phalanx of digit of foot 3
266	CL:0001035	bone cell	bone cell	UBERON:0004334	proximal phalanx of pedal digit 3	proximal phalanx of digit of foot 3
267	CL:0001035	bone cell	bone cell	UBERON:0004335	proximal phalanx of pedal digit 4	proximal phalanx of digit of foot 4
268	CL:0001035	bone cell	bone cell	UBERON:0004335	proximal phalanx of pedal digit 4	proximal phalanx of digit of foot 4
269	CL:0001035	bone cell	bone cell	UBERON:0004335	proximal phalanx of pedal digit 4	proximal phalanx of digit of foot 4
270	CL:0001035	bone cell	bone cell	UBERON:0004335	proximal phalanx of pedal digit 4	proximal phalanx of digit of foot 4
271	CL:0001035	bone cell	bone cell	UBERON:0004336	proximal phalanx of pedal digit 5	proximal phalanx of digit of foot 5
272	CL:0001035	bone cell	bone cell	UBERON:0004336	proximal phalanx of pedal digit 5	proximal phalanx of digit of foot 5
273	CL:0001035	bone cell	bone cell	UBERON:0004336	proximal phalanx of pedal digit 5	proximal phalanx of digit of foot 5
274	CL:0001035	bone cell	bone cell	UBERON:0004336	proximal phalanx of pedal digit 5	proximal phalanx of digit of foot 5
275	CL:0001035	bone cell	bone cell	UBERON:0002395	talus	talus
276	CL:0001035	bone cell	bone cell	UBERON:0002395	talus	talus
247	CL:0001035	bone cell	bone cell	UBERON:0004326	middle phalanx of pedal digit 4	middle phalanx of digit of foot 4
246	CL:0001035	bone cell	bone cell	UBERON:0004326	middle phalanx of pedal digit 4	middle phalanx of digit of foot 4
245	CL:0001035	bone cell	bone cell	UBERON:0004326	middle phalanx of pedal digit 4	middle phalanx of digit of foot 4
244	CL:0001035	bone cell	bone cell	UBERON:0004325	middle phalanx of pedal digit 3	middle phalanx of digit of foot 3
214	CL:0001035	bone cell	bone cell	UBERON:0001453	distal tarsal bone 2	distal tarsal bone 2
215	CL:0001035	bone cell	bone cell	UBERON:0001454	distal tarsal bone 3	distal tarsal bone 3
216	CL:0001035	bone cell	bone cell	UBERON:0003650	metatarsal bone of digit 1	metatarsal bone of digit 1
217	CL:0001035	bone cell	bone cell	UBERON:0003650	metatarsal bone of digit 1	metatarsal bone of digit 1
218	CL:0001035	bone cell	bone cell	UBERON:0003650	metatarsal bone of digit 1	metatarsal bone of digit 1
219	CL:0001035	bone cell	bone cell	UBERON:0003650	metatarsal bone of digit 1	metatarsal bone of digit 1
220	CL:0001035	bone cell	bone cell	UBERON:0003651	metatarsal bone of digit 2	metatarsal bone of digit 2
221	CL:0001035	bone cell	bone cell	UBERON:0003651	metatarsal bone of digit 2	metatarsal bone of digit 2
222	CL:0001035	bone cell	bone cell	UBERON:0003651	metatarsal bone of digit 2	metatarsal bone of digit 2
223	CL:0001035	bone cell	bone cell	UBERON:0003651	metatarsal bone of digit 2	metatarsal bone of digit 2
224	CL:0001035	bone cell	bone cell	UBERON:0003652	metatarsal bone of digit 3	metatarsal bone of digit 3
225	CL:0001035	bone cell	bone cell	UBERON:0003652	metatarsal bone of digit 3	metatarsal bone of digit 3
226	CL:0001035	bone cell	bone cell	UBERON:0003652	metatarsal bone of digit 3	metatarsal bone of digit 3
227	CL:0001035	bone cell	bone cell	UBERON:0003652	metatarsal bone of digit 3	metatarsal bone of digit 3
212	CL:0001035	bone cell	bone cell	UBERON:0004319	distal phalanx of pedal digit 5	distal phalanx of digit of foot 5
228	CL:0001035	bone cell	bone cell	UBERON:0003653	metatarsal bone of digit 4	metatarsal bone of digit 4
230	CL:0001035	bone cell	bone cell	UBERON:0003653	metatarsal bone of digit 4	metatarsal bone of digit 4
231	CL:0001035	bone cell	bone cell	UBERON:0003653	metatarsal bone of digit 4	metatarsal bone of digit 4
232	CL:0001035	bone cell	bone cell	UBERON:0003654	metatarsal bone of digit 5	metatarsal bone of digit 5
233	CL:0001035	bone cell	bone cell	UBERON:0003654	metatarsal bone of digit 5	metatarsal bone of digit 5
234	CL:0001035	bone cell	bone cell	UBERON:0003654	metatarsal bone of digit 5	metatarsal bone of digit 5
235	CL:0001035	bone cell	bone cell	UBERON:0003654	metatarsal bone of digit 5	metatarsal bone of digit 5
236	CL:0001035	bone cell	bone cell	UBERON:0003654	metatarsal bone of digit 5	metatarsal bone of digit 5
237	CL:0001035	bone cell	bone cell	UBERON:0004324	middle phalanx of pedal digit 2	middle phalanx of digit of foot 2
238	CL:0001035	bone cell	bone cell	UBERON:0004324	middle phalanx of pedal digit 2	middle phalanx of digit of foot 2
239	CL:0001035	bone cell	bone cell	UBERON:0004324	middle phalanx of pedal digit 2	middle phalanx of digit of foot 2
240	CL:0001035	bone cell	bone cell	UBERON:0004324	middle phalanx of pedal digit 2	middle phalanx of digit of foot 2
241	CL:0001035	bone cell	bone cell	UBERON:0004325	middle phalanx of pedal digit 3	middle phalanx of digit of foot 3
242	CL:0001035	bone cell	bone cell	UBERON:0004325	middle phalanx of pedal digit 3	middle phalanx of digit of foot 3
243	CL:0001035	bone cell	bone cell	UBERON:0004325	middle phalanx of pedal digit 3	middle phalanx of digit of foot 3
229	CL:0001035	bone cell	bone cell	UBERON:0003653	metatarsal bone of digit 4	metatarsal bone of digit 4
277	CL:0001035	bone cell	bone cell	UBERON:0002395	talus	talus
145	CL:0001035	bone cell	bone cell	UBERON:0001427	radiale	scaphoid
143	CL:0001035	bone cell	bone cell	UBERON:0004331	proximal phalanx of manual digit 5	proximal phalanx of digit of hand 5
47	CL:0001035	bone cell	bone cell	UBERON:0001424	ulna	ulna
48	CL:0001035	bone cell	bone cell	UBERON:0001424	ulna	ulna
49	CL:0001035	bone cell	bone cell	UBERON:0001424	ulna	ulna
50	CL:0001035	bone cell	bone cell	UBERON:0011575	styloid process of ulna	styloid process of ulna
51	CL:0001035	bone cell	bone cell	UBERON:0001424	ulna	ulna
52	CL:0001035	bone cell	bone cell	UBERON:0001424	ulna	ulna
53	CL:0001035	bone cell	bone cell	UBERON:0001424	ulna	ulna
54	CL:0001035	bone cell	bone cell	UBERON:0001424	ulna	ulna
55	CL:0001035	bone cell	bone cell	UBERON:0005897	manus bone	hand bone
56	CL:0001035	bone cell	bone cell	UBERON:0001430	distal carpal bone 1	distal carpal bone 1
57	CL:0001035	bone cell	bone cell	UBERON:0001431	distal carpal bone 2	distal carpal bone 2
58	CL:0001035	bone cell	bone cell	UBERON:0001432	distal carpal bone 3	distal carpal bone 3
59	CL:0001035	bone cell	bone cell	UBERON:0001433	distal carpal bone 4	distal carpal bone 4
60	CL:0001035	bone cell	bone cell	UBERON:0001433	distal carpal bone 4	distal carpal bone 4
61	CL:0001035	bone cell	bone cell	UBERON:0004337	distal phalanx of manual digit 1	distal phalanx of digit of hand 1
62	CL:0001035	bone cell	bone cell	UBERON:0004337	distal phalanx of manual digit 1	distal phalanx of digit of hand 1
63	CL:0001035	bone cell	bone cell	UBERON:0004337	distal phalanx of manual digit 1	distal phalanx of digit of hand 1
64	CL:0001035	bone cell	bone cell	UBERON:0004337	distal phalanx of manual digit 1	distal phalanx of digit of hand 1
65	CL:0001035	bone cell	bone cell	UBERON:0004337	distal phalanx of manual digit 1	distal phalanx of digit of hand 1
66	CL:0001035	bone cell	bone cell	UBERON:0004311	distal phalanx of manual digit 2	distal phalanx of digit of hand 2
67	CL:0001035	bone cell	bone cell	UBERON:0004311	distal phalanx of manual digit 2	distal phalanx of digit of hand 2
68	CL:0001035	bone cell	bone cell	UBERON:0004311	distal phalanx of manual digit 2	distal phalanx of digit of hand 2
69	CL:0001035	bone cell	bone cell	UBERON:0004311	distal phalanx of manual digit 2	distal phalanx of digit of hand 2
70	CL:0001035	bone cell	bone cell	UBERON:0004311	distal phalanx of manual digit 2	distal phalanx of digit of hand 2
71	CL:0001035	bone cell	bone cell	UBERON:0004312	distal phalanx of manual digit 3	distal phalanx of digit of hand 3
72	CL:0001035	bone cell	bone cell	UBERON:0004312	distal phalanx of manual digit 3	distal phalanx of digit of hand 3
73	CL:0001035	bone cell	bone cell	UBERON:0004312	distal phalanx of manual digit 3	distal phalanx of digit of hand 3
74	CL:0001035	bone cell	bone cell	UBERON:0004312	distal phalanx of manual digit 3	distal phalanx of digit of hand 3
75	CL:0001035	bone cell	bone cell	UBERON:0004312	distal phalanx of manual digit 3	distal phalanx of digit of hand 3
46	CL:0001035	bone cell	bone cell	UBERON:0001424	ulna	ulna
45	CL:0001035	bone cell	bone cell	UBERON:0001424	ulna	ulna
44	CL:0001035	bone cell	bone cell	UBERON:0010994	coronoid process of ulna	coronoid process of ulna
43	CL:0001035	bone cell	bone cell	UBERON:0001424	ulna	ulna
13	CL:0001035	bone cell	bone cell	UBERON:0002091	appendicular skeleton	appendicular skeleton
14	CL:0001035	bone cell	bone cell	UBERON:0003460	arm bone	arm bone
15	CL:0001035	bone cell	bone cell	UBERON:0003460	arm bone	arm bone
16	CL:0001035	bone cell	bone cell	UBERON:0000976	humerus	humerus
17	CL:0001035	bone cell	bone cell	UBERON:0000976	humerus	humerus
18	CL:0001035	bone cell	bone cell	UBERON:0010853	capitulum of humerus	capitulum of humerus
19	CL:0001035	bone cell	bone cell	UBERON:0000976	humerus	humerus
20	CL:0001035	bone cell	bone cell	UBERON:0000976	humerus	humerus
21	CL:0001035	bone cell	bone cell	UBERON:0000976	humerus	humerus
22	CL:0001035	bone cell	bone cell	UBERON:0000976	humerus	humerus
23	CL:0001035	bone cell	bone cell	UBERON:0000976	humerus	humerus
24	CL:0001035	bone cell	bone cell	UBERON:0000976	humerus	humerus
25	CL:0001035	bone cell	bone cell	UBERON:0000976	humerus	humerus
26	CL:0001035	bone cell	bone cell	UBERON:0011188	lesser tubercle of humerus	lesser tubercle of humerus
76	CL:0001035	bone cell	bone cell	UBERON:0004313	distal phalanx of manual digit 4	distal phalanx of digit of hand 4
27	CL:0001035	bone cell	bone cell	UBERON:0000976	humerus	humerus
29	CL:0001035	bone cell	bone cell	UBERON:0000976	humerus	humerus
30	CL:0001035	bone cell	bone cell	UBERON:0000976	humerus	humerus
31	CL:0001035	bone cell	bone cell	UBERON:0000976	humerus	humerus
32	CL:0001035	bone cell	bone cell	UBERON:0000976	humerus	humerus
33	CL:0001035	bone cell	bone cell	UBERON:0000976	humerus	humerus
34	CL:0001035	bone cell	bone cell	UBERON:0000144	trochlea of humerus	trochlea of humerus
35	CL:0001035	bone cell	bone cell	UBERON:0001423	radius bone	radius bone
36	CL:0001035	bone cell	bone cell	UBERON:0001423	radius bone	radius bone
37	CL:0001035	bone cell	bone cell	UBERON:0001423	radius bone	radius bone
38	CL:0001035	bone cell	bone cell	UBERON:0001423	radius bone	radius bone
39	CL:0001035	bone cell	bone cell	UBERON:0001423	radius bone	radius bone
40	CL:0001035	bone cell	bone cell	UBERON:0001423	radius bone	radius bone
41	CL:0001035	bone cell	bone cell	UBERON:0001423	radius bone	radius bone
42	CL:0001035	bone cell	bone cell	UBERON:0001423	radius bone	radius bone
28	CL:0001035	bone cell	bone cell	UBERON:0000976	humerus	humerus
144	CL:0001035	bone cell	bone cell	UBERON:0001427	radiale	scaphoid
77	CL:0001035	bone cell	bone cell	UBERON:0004313	distal phalanx of manual digit 4	distal phalanx of digit of hand 4
79	CL:0001035	bone cell	bone cell	UBERON:0004313	distal phalanx of manual digit 4	distal phalanx of digit of hand 4
114	CL:0001035	bone cell	bone cell	UBERON:0004321	middle phalanx of manual digit 3	middle phalanx of digit of hand 3
115	CL:0001035	bone cell	bone cell	UBERON:0004322	middle phalanx of manual digit 4	middle phalanx of digit of hand 4
116	CL:0001035	bone cell	bone cell	UBERON:0004322	middle phalanx of manual digit 4	middle phalanx of digit of hand 4
117	CL:0001035	bone cell	bone cell	UBERON:0004322	middle phalanx of manual digit 4	middle phalanx of digit of hand 4
118	CL:0001035	bone cell	bone cell	UBERON:0004322	middle phalanx of manual digit 4	middle phalanx of digit of hand 4
119	CL:0001035	bone cell	bone cell	UBERON:0004323	middle phalanx of manual digit 5	middle phalanx of digit of hand 5
120	CL:0001035	bone cell	bone cell	UBERON:0004323	middle phalanx of manual digit 5	middle phalanx of digit of hand 5
121	CL:0001035	bone cell	bone cell	UBERON:0004323	middle phalanx of manual digit 5	middle phalanx of digit of hand 5
122	CL:0001035	bone cell	bone cell	UBERON:0004323	middle phalanx of manual digit 5	middle phalanx of digit of hand 5
123	CL:0001035	bone cell	bone cell	UBERON:0001429	pisiform	pisiform
124	CL:0001035	bone cell	bone cell	UBERON:0004338	proximal phalanx of manual digit 1	proximal phalanx of digit of hand 1
125	CL:0001035	bone cell	bone cell	UBERON:0004338	proximal phalanx of manual digit 1	proximal phalanx of digit of hand 1
126	CL:0001035	bone cell	bone cell	UBERON:0004338	proximal phalanx of manual digit 1	proximal phalanx of digit of hand 1
127	CL:0001035	bone cell	bone cell	UBERON:0004338	proximal phalanx of manual digit 1	proximal phalanx of digit of hand 1
128	CL:0001035	bone cell	bone cell	UBERON:0004328	proximal phalanx of manual digit 2	proximal phalanx of digit of hand 2
129	CL:0001035	bone cell	bone cell	UBERON:0004328	proximal phalanx of manual digit 2	proximal phalanx of digit of hand 2
130	CL:0001035	bone cell	bone cell	UBERON:0004328	proximal phalanx of manual digit 2	proximal phalanx of digit of hand 2
131	CL:0001035	bone cell	bone cell	UBERON:0004328	proximal phalanx of manual digit 2	proximal phalanx of digit of hand 2
132	CL:0001035	bone cell	bone cell	UBERON:0004329	proximal phalanx of manual digit 3	proximal phalanx of digit of hand 3
133	CL:0001035	bone cell	bone cell	UBERON:0004329	proximal phalanx of manual digit 3	proximal phalanx of digit of hand 3
134	CL:0001035	bone cell	bone cell	UBERON:0004329	proximal phalanx of manual digit 3	proximal phalanx of digit of hand 3
135	CL:0001035	bone cell	bone cell	UBERON:0004329	proximal phalanx of manual digit 3	proximal phalanx of digit of hand 3
136	CL:0001035	bone cell	bone cell	UBERON:0004330	proximal phalanx of manual digit 4	proximal phalanx of digit of hand 4
137	CL:0001035	bone cell	bone cell	UBERON:0004330	proximal phalanx of manual digit 4	proximal phalanx of digit of hand 4
138	CL:0001035	bone cell	bone cell	UBERON:0004330	proximal phalanx of manual digit 4	proximal phalanx of digit of hand 4
139	CL:0001035	bone cell	bone cell	UBERON:0004330	proximal phalanx of manual digit 4	proximal phalanx of digit of hand 4
140	CL:0001035	bone cell	bone cell	UBERON:0004331	proximal phalanx of manual digit 5	proximal phalanx of digit of hand 5
141	CL:0001035	bone cell	bone cell	UBERON:0004331	proximal phalanx of manual digit 5	proximal phalanx of digit of hand 5
142	CL:0001035	bone cell	bone cell	UBERON:0004331	proximal phalanx of manual digit 5	proximal phalanx of digit of hand 5
113	CL:0001035	bone cell	bone cell	UBERON:0004321	middle phalanx of manual digit 3	middle phalanx of digit of hand 3
112	CL:0001035	bone cell	bone cell	UBERON:0004321	middle phalanx of manual digit 3	middle phalanx of digit of hand 3
111	CL:0001035	bone cell	bone cell	UBERON:0004321	middle phalanx of manual digit 3	middle phalanx of digit of hand 3
110	CL:0001035	bone cell	bone cell	UBERON:0004320	middle phalanx of manual digit 2	middle phalanx of digit of hand 2
80	CL:0001035	bone cell	bone cell	UBERON:0004313	distal phalanx of manual digit 4	distal phalanx of digit of hand 4
81	CL:0001035	bone cell	bone cell	UBERON:0004314	distal phalanx of manual digit 5	distal phalanx of digit of hand 5
82	CL:0001035	bone cell	bone cell	UBERON:0004314	distal phalanx of manual digit 5	distal phalanx of digit of hand 5
83	CL:0001035	bone cell	bone cell	UBERON:0004314	distal phalanx of manual digit 5	distal phalanx of digit of hand 5
84	CL:0001035	bone cell	bone cell	UBERON:0004314	distal phalanx of manual digit 5	distal phalanx of digit of hand 5
85	CL:0001035	bone cell	bone cell	UBERON:0004314	distal phalanx of manual digit 5	distal phalanx of digit of hand 5
86	CL:0001035	bone cell	bone cell	UBERON:0001428	intermedium	lunate
87	CL:0001035	bone cell	bone cell	UBERON:0003645	metacarpal bone of digit 1	metacarpal bone of digit 1
88	CL:0001035	bone cell	bone cell	UBERON:0003645	metacarpal bone of digit 1	metacarpal bone of digit 1
89	CL:0001035	bone cell	bone cell	UBERON:0003645	metacarpal bone of digit 1	metacarpal bone of digit 1
90	CL:0001035	bone cell	bone cell	UBERON:0003645	metacarpal bone of digit 1	metacarpal bone of digit 1
91	CL:0001035	bone cell	bone cell	UBERON:0003646	metacarpal bone of digit 2	metacarpal bone of digit 2
92	CL:0001035	bone cell	bone cell	UBERON:0003646	metacarpal bone of digit 2	metacarpal bone of digit 2
93	CL:0001035	bone cell	bone cell	UBERON:0003646	metacarpal bone of digit 2	metacarpal bone of digit 2
78	CL:0001035	bone cell	bone cell	UBERON:0004313	distal phalanx of manual digit 4	distal phalanx of digit of hand 4
94	CL:0001035	bone cell	bone cell	UBERON:0003646	metacarpal bone of digit 2	metacarpal bone of digit 2
96	CL:0001035	bone cell	bone cell	UBERON:0003647	metacarpal bone of digit 3	metacarpal bone of digit 3
97	CL:0001035	bone cell	bone cell	UBERON:0003647	metacarpal bone of digit 3	metacarpal bone of digit 3
98	CL:0001035	bone cell	bone cell	UBERON:0003647	metacarpal bone of digit 3	metacarpal bone of digit 3
99	CL:0001035	bone cell	bone cell	UBERON:0003648	metacarpal bone of digit 4	metacarpal bone of digit 4
100	CL:0001035	bone cell	bone cell	UBERON:0003648	metacarpal bone of digit 4	metacarpal bone of digit 4
101	CL:0001035	bone cell	bone cell	UBERON:0003648	metacarpal bone of digit 4	metacarpal bone of digit 4
102	CL:0001035	bone cell	bone cell	UBERON:0003648	metacarpal bone of digit 4	metacarpal bone of digit 4
103	CL:0001035	bone cell	bone cell	UBERON:0003649	metacarpal bone of digit 5	metacarpal bone of digit 5
104	CL:0001035	bone cell	bone cell	UBERON:0003649	metacarpal bone of digit 5	metacarpal bone of digit 5
105	CL:0001035	bone cell	bone cell	UBERON:0003649	metacarpal bone of digit 5	metacarpal bone of digit 5
106	CL:0001035	bone cell	bone cell	UBERON:0003649	metacarpal bone of digit 5	metacarpal bone of digit 5
107	CL:0001035	bone cell	bone cell	UBERON:0004320	middle phalanx of manual digit 2	middle phalanx of digit of hand 2
108	CL:0001035	bone cell	bone cell	UBERON:0004320	middle phalanx of manual digit 2	middle phalanx of digit of hand 2
109	CL:0001035	bone cell	bone cell	UBERON:0004320	middle phalanx of manual digit 2	middle phalanx of digit of hand 2
95	CL:0001035	bone cell	bone cell	UBERON:0003647	metacarpal bone of digit 3	metacarpal bone of digit 3
278	CL:0001035	bone cell	bone cell	UBERON:0015180	neck of talus	neck of talus
279	CL:0001035	bone cell	bone cell	UBERON:0002395	talus	talus
280	CL:0001035	bone cell	bone cell	UBERON:0002395	talus	talus
450	CL:0001035	bone cell	bone cell	UBERON:0010911	ossicle	ossicle
451	CL:0001035	bone cell	bone cell	UBERON:0001688	incus bone	incus bone
452	CL:0001035	bone cell	bone cell	UBERON:0001689	malleus bone	malleus bone
453	CL:0001035	bone cell	bone cell	UBERON:0001687	stapes bone	stapes bone
454	CL:0001035	bone cell	bone cell	UBERON:0008895	splanchnocranium	splanchnocranium
455	CL:0001035	bone cell	bone cell	UBERON:0005922	inferior nasal concha	inferior nasal concha
456	CL:0001035	bone cell	bone cell	UBERON:0001680	lacrimal bone	lacrimal bone
457	CL:0001035	bone cell	bone cell	UBERON:0001680	lacrimal bone	lacrimal bone
458	CL:0001035	bone cell	bone cell	UBERON:0001684	mandible	mandible
459	CL:0001035	bone cell	bone cell	UBERON:0001684	mandible	mandible
460	CL:0001035	bone cell	bone cell	UBERON:0011309	body of mandible	body of mandible
461	CL:0001035	bone cell	bone cell	UBERON:0001684	mandible	mandible
462	CL:0001035	bone cell	bone cell	UBERON:0001684	mandible	mandible
463	CL:0001035	bone cell	bone cell	UBERON:0001684	mandible	mandible
464	CL:0001035	bone cell	bone cell	UBERON:0001684	mandible	mandible
465	CL:0001035	bone cell	bone cell	UBERON:0001684	mandible	mandible
466	CL:0001035	bone cell	bone cell	UBERON:0001684	mandible	mandible
467	CL:0001035	bone cell	bone cell	UBERON:0001684	mandible	mandible
468	CL:0001035	bone cell	bone cell	UBERON:0001684	mandible	mandible
469	CL:0001035	bone cell	bone cell	UBERON:0001684	mandible	mandible
470	CL:0001035	bone cell	bone cell	UBERON:0001684	mandible	mandible
471	CL:0001035	bone cell	bone cell	UBERON:0001684	mandible	mandible
472	CL:0001035	bone cell	bone cell	UBERON:0001684	mandible	mandible
473	CL:0001035	bone cell	bone cell	UBERON:0001684	mandible	mandible
474	CL:0001035	bone cell	bone cell	UBERON:0001684	mandible	mandible
475	CL:0001035	bone cell	bone cell	UBERON:0001684	mandible	mandible
476	CL:0001035	bone cell	bone cell	UBERON:0001684	mandible	mandible
477	CL:0001035	bone cell	bone cell	UBERON:0001684	mandible	mandible
478	CL:0001035	bone cell	bone cell	UBERON:0001684	mandible	mandible
449	CL:0001035	bone cell	bone cell	UBERON:0001678	temporal bone	temporal bone
448	CL:0001035	bone cell	bone cell	UBERON:0001678	temporal bone	temporal bone
447	CL:0001035	bone cell	bone cell	UBERON:0001678	temporal bone	temporal bone
446	CL:0001035	bone cell	bone cell	UBERON:0001678	temporal bone	temporal bone
416	CL:0001035	bone cell	bone cell	UBERON:0001677	sphenoid bone	sphenoid bone
417	CL:0001035	bone cell	bone cell	UBERON:0001677	sphenoid bone	sphenoid bone
418	CL:0001035	bone cell	bone cell	UBERON:0001677	sphenoid bone	sphenoid bone
419	CL:0001035	bone cell	bone cell	UBERON:0001677	sphenoid bone	sphenoid bone
420	CL:0001035	bone cell	bone cell	UBERON:0001677	sphenoid bone	sphenoid bone
421	CL:0001035	bone cell	bone cell	UBERON:0001677	sphenoid bone	sphenoid bone
422	CL:0001035	bone cell	bone cell	UBERON:0001677	sphenoid bone	sphenoid bone
423	CL:0001035	bone cell	bone cell	UBERON:0001677	sphenoid bone	sphenoid bone
424	CL:0001035	bone cell	bone cell	UBERON:0001677	sphenoid bone	sphenoid bone
425	CL:0001035	bone cell	bone cell	UBERON:0001677	sphenoid bone	sphenoid bone
426	CL:0001035	bone cell	bone cell	UBERON:0001677	sphenoid bone	sphenoid bone
427	CL:0001035	bone cell	bone cell	UBERON:0001677	sphenoid bone	sphenoid bone
428	CL:0001035	bone cell	bone cell	UBERON:0001678	temporal bone	temporal bone
429	CL:0001035	bone cell	bone cell	UBERON:0001678	temporal bone	temporal bone
479	CL:0001035	bone cell	bone cell	UBERON:0001684	mandible	mandible
430	CL:0001035	bone cell	bone cell	UBERON:0001678	temporal bone	temporal bone
432	CL:0001035	bone cell	bone cell	UBERON:0001678	temporal bone	temporal bone
433	CL:0001035	bone cell	bone cell	UBERON:0001678	temporal bone	temporal bone
434	CL:0001035	bone cell	bone cell	UBERON:0001678	temporal bone	temporal bone
435	CL:0001035	bone cell	bone cell	UBERON:0001678	temporal bone	temporal bone
436	CL:0001035	bone cell	bone cell	UBERON:0001678	temporal bone	temporal bone
437	CL:0001035	bone cell	bone cell	UBERON:0001678	temporal bone	temporal bone
438	CL:0001035	bone cell	bone cell	UBERON:0001678	temporal bone	temporal bone
439	CL:0001035	bone cell	bone cell	UBERON:0001678	temporal bone	temporal bone
440	CL:0001035	bone cell	bone cell	UBERON:0001678	temporal bone	temporal bone
441	CL:0001035	bone cell	bone cell	UBERON:0001678	temporal bone	temporal bone
442	CL:0001035	bone cell	bone cell	UBERON:0001678	temporal bone	temporal bone
443	CL:0001035	bone cell	bone cell	UBERON:0001678	temporal bone	temporal bone
444	CL:0001035	bone cell	bone cell	UBERON:0001678	temporal bone	temporal bone
445	CL:0001035	bone cell	bone cell	UBERON:0001678	temporal bone	temporal bone
431	CL:0001035	bone cell	bone cell	UBERON:0001678	temporal bone	temporal bone
415	CL:0001035	bone cell	bone cell	UBERON:0001677	sphenoid bone	sphenoid bone
480	CL:0001035	bone cell	bone cell	UBERON:0002397	maxilla	maxilla
482	CL:0001035	bone cell	bone cell	UBERON:0004527	alveolar process of maxilla	alveolar process of maxilla
517	CL:0001035	bone cell	bone cell	UBERON:0004601	rib 1	rib 1
518	CL:0001035	bone cell	bone cell	UBERON:0004601	rib 1	rib 1
519	CL:0001035	bone cell	bone cell	UBERON:0004601	rib 1	rib 1
520	CL:0001035	bone cell	bone cell	UBERON:0004601	rib 1	rib 1
521	CL:0001035	bone cell	bone cell	UBERON:0004601	rib 1	rib 1
522	CL:0001035	bone cell	bone cell	UBERON:0004601	rib 1	rib 1
523	CL:0001035	bone cell	bone cell	UBERON:0004601	rib 1	rib 1
524	CL:0001035	bone cell	bone cell	UBERON:0004601	rib 1	rib 1
525	CL:0001035	bone cell	bone cell	UBERON:0004601	rib 1	rib 1
526	CL:0001035	bone cell	bone cell	UBERON:0004609	rib 10	rib 10
527	CL:0001035	bone cell	bone cell	UBERON:0004609	rib 10	rib 10
528	CL:0001035	bone cell	bone cell	UBERON:0004609	rib 10	rib 10
529	CL:0001035	bone cell	bone cell	UBERON:0004609	rib 10	rib 10
530	CL:0001035	bone cell	bone cell	UBERON:0004609	rib 10	rib 10
531	CL:0001035	bone cell	bone cell	UBERON:0004609	rib 10	rib 10
532	CL:0001035	bone cell	bone cell	UBERON:0004609	rib 10	rib 10
533	CL:0001035	bone cell	bone cell	UBERON:0004609	rib 10	rib 10
534	CL:0001035	bone cell	bone cell	UBERON:0004609	rib 10	rib 10
535	CL:0001035	bone cell	bone cell	UBERON:0004609	rib 10	rib 10
536	CL:0001035	bone cell	bone cell	UBERON:0004609	rib 10	rib 10
537	CL:0001035	bone cell	bone cell	UBERON:0004610	rib 11	rib 11
538	CL:0001035	bone cell	bone cell	UBERON:0004610	rib 11	rib 11
539	CL:0001035	bone cell	bone cell	UBERON:0004610	rib 11	rib 11
540	CL:0001035	bone cell	bone cell	UBERON:0004610	rib 11	rib 11
541	CL:0001035	bone cell	bone cell	UBERON:0004610	rib 11	rib 11
542	CL:0001035	bone cell	bone cell	UBERON:0004610	rib 11	rib 11
543	CL:0001035	bone cell	bone cell	UBERON:0004611	rib 12	rib 12
544	CL:0001035	bone cell	bone cell	UBERON:0004611	rib 12	rib 12
545	CL:0001035	bone cell	bone cell	UBERON:0004611	rib 12	rib 12
516	CL:0001035	bone cell	bone cell	UBERON:0004601	rib 1	rib 1
515	CL:0001035	bone cell	bone cell	UBERON:0004601	rib 1	rib 1
514	CL:0001035	bone cell	bone cell	UBERON:0004601	rib 1	rib 1
513	CL:0001035	bone cell	bone cell	UBERON:0004601	rib 1	rib 1
483	CL:0001035	bone cell	bone cell	UBERON:0035139	anterior nasal spine of maxilla	anterior nasal spine of maxilla
484	CL:0001035	bone cell	bone cell	UBERON:0013767	frontal process of maxilla	frontal process of maxilla
485	CL:0001035	bone cell	bone cell	UBERON:0002397	maxilla	maxilla
486	CL:0001035	bone cell	bone cell	UBERON:0002397	maxilla	maxilla
487	CL:0001035	bone cell	bone cell	UBERON:0002397	maxilla	maxilla
488	CL:0001035	bone cell	bone cell	UBERON:0002397	maxilla	maxilla
489	CL:0001035	bone cell	bone cell	UBERON:0002397	maxilla	maxilla
490	CL:0001035	bone cell	bone cell	UBERON:0002397	maxilla	maxilla
491	CL:0001035	bone cell	bone cell	UBERON:0002397	maxilla	maxilla
492	CL:0001035	bone cell	bone cell	UBERON:0002397	maxilla	maxilla
493	CL:0001035	bone cell	bone cell	UBERON:0002397	maxilla	maxilla
494	CL:0001035	bone cell	bone cell	UBERON:0005871	palatine process of maxilla	palatine process of maxilla
495	CL:0001035	bone cell	bone cell	UBERON:0016477	zygomatic process of maxilla	zygomatic process of maxilla
496	CL:0001035	bone cell	bone cell	UBERON:0001681	nasal bone	nasal bone
481	CL:0001035	bone cell	bone cell	UBERON:0002397	maxilla	maxilla
497	CL:0001035	bone cell	bone cell	UBERON:0001682	palatine bone	palatine bone
499	CL:0001035	bone cell	bone cell	UBERON:0001682	palatine bone	palatine bone
500	CL:0001035	bone cell	bone cell	UBERON:0001682	palatine bone	palatine bone
501	CL:0001035	bone cell	bone cell	UBERON:0001682	palatine bone	palatine bone
502	CL:0001035	bone cell	bone cell	UBERON:0002396	vomer	vomer
503	CL:0001035	bone cell	bone cell	UBERON:0002396	vomer	vomer
504	CL:0001035	bone cell	bone cell	UBERON:0002396	vomer	vomer
505	CL:0001035	bone cell	bone cell	UBERON:0001683	jugal bone	zygomatic bone
506	CL:0001035	bone cell	bone cell	UBERON:0012110	frontal process of zygomatic bone	frontal process of zygomatic bone
507	CL:0001035	bone cell	bone cell	UBERON:0001683	jugal bone	zygomatic bone
508	CL:0001035	bone cell	bone cell	UBERON:0004654	temporal process of zygomatic bone	temporal process of zygomatic bone
509	CL:0001035	bone cell	bone cell	UBERON:0001683	jugal bone	zygomatic bone
510	CL:0001035	bone cell	bone cell	UBERON:0014477	thoracic skeleton	thoracic skeleton
511	CL:0001035	bone cell	bone cell	UBERON:0014477	thoracic skeleton	thoracic skeleton
512	CL:0001035	bone cell	bone cell	UBERON:0004601	rib 1	rib 1
498	CL:0001035	bone cell	bone cell	UBERON:0001682	palatine bone	palatine bone
414	CL:0001035	bone cell	bone cell	UBERON:0001677	sphenoid bone	sphenoid bone
413	CL:0001035	bone cell	bone cell	UBERON:0016492	foramen spinosum of sphenoid bone	foramen spinosum of sphenoid bone
412	CL:0001035	bone cell	bone cell	UBERON:0001677	sphenoid bone	sphenoid bone
315	CL:0001035	bone cell	bone cell	UBERON:0000979	tibia	tibia
316	CL:0001035	bone cell	bone cell	UBERON:0009991	lateral condyle of tibia	lateral condyle of tibia
317	CL:0001035	bone cell	bone cell	UBERON:0009990	medial condyle of tibia	medial condyle of tibia
318	CL:0001035	bone cell	bone cell	UBERON:0000979	tibia	tibia
319	CL:0001035	bone cell	bone cell	UBERON:0000979	tibia	tibia
320	CL:0001035	bone cell	bone cell	UBERON:0000979	tibia	tibia
321	CL:0001035	bone cell	bone cell	UBERON:0000979	tibia	tibia
322	CL:0001035	bone cell	bone cell	UBERON:0000979	tibia	tibia
323	CL:0001035	bone cell	bone cell	UBERON:0007830	pelvic girdle bone/zone	pelvic girdle bone/zone
324	CL:0001035	bone cell	bone cell	UBERON:0001272	innominate bone	os coxa
325	CL:0001035	bone cell	bone cell	UBERON:0001272	innominate bone	os coxa
326	CL:0001035	bone cell	bone cell	UBERON:0001272	innominate bone	os coxa
327	CL:0001035	bone cell	bone cell	UBERON:0001272	innominate bone	os coxa
328	CL:0001035	bone cell	bone cell	UBERON:0001272	innominate bone	os coxa
329	CL:0001035	bone cell	bone cell	UBERON:0001272	innominate bone	os coxa
330	CL:0001035	bone cell	bone cell	UBERON:0001272	innominate bone	os coxa
331	CL:0001035	bone cell	bone cell	UBERON:0001272	innominate bone	os coxa
332	CL:0001035	bone cell	bone cell	UBERON:0001272	innominate bone	os coxa
333	CL:0001035	bone cell	bone cell	UBERON:0001272	innominate bone	os coxa
334	CL:0001035	bone cell	bone cell	UBERON:0001272	innominate bone	os coxa
335	CL:0001035	bone cell	bone cell	UBERON:0001272	innominate bone	os coxa
336	CL:0001035	bone cell	bone cell	UBERON:0001272	innominate bone	os coxa
337	CL:0001035	bone cell	bone cell	UBERON:0001272	innominate bone	os coxa
338	CL:0001035	bone cell	bone cell	UBERON:0001272	innominate bone	os coxa
339	CL:0001035	bone cell	bone cell	UBERON:0001272	innominate bone	os coxa
340	CL:0001035	bone cell	bone cell	UBERON:0001272	innominate bone	os coxa
341	CL:0001035	bone cell	bone cell	UBERON:0001272	innominate bone	os coxa
342	CL:0001035	bone cell	bone cell	UBERON:0001272	innominate bone	os coxa
343	CL:0001035	bone cell	bone cell	UBERON:0001272	innominate bone	os coxa
314	CL:0001035	bone cell	bone cell	UBERON:0000979	tibia	tibia
313	CL:0001035	bone cell	bone cell	UBERON:0000979	tibia	tibia
312	CL:0001035	bone cell	bone cell	UBERON:0000979	tibia	tibia
311	CL:0001035	bone cell	bone cell	UBERON:0000979	tibia	tibia
281	CL:0001035	bone cell	bone cell	UBERON:0005893	leg bone	leg bone
282	CL:0001035	bone cell	bone cell	UBERON:0000981	femur	femur
283	CL:0001035	bone cell	bone cell	UBERON:0000981	femur	femur
284	CL:0001035	bone cell	bone cell	UBERON:0000981	femur	femur
285	CL:0001035	bone cell	bone cell	UBERON:0000981	femur	femur
286	CL:0001035	bone cell	bone cell	UBERON:0006767	head of femur	head of femur
287	CL:0001035	bone cell	bone cell	UBERON:0000981	femur	femur
288	CL:0001035	bone cell	bone cell	UBERON:0000981	femur	femur
289	CL:0001035	bone cell	bone cell	UBERON:0000981	femur	femur
290	CL:0001035	bone cell	bone cell	UBERON:0009985	lateral condyle of femur	lateral condyle of femur
291	CL:0001035	bone cell	bone cell	UBERON:0009986	lateral epicondyle of femur	lateral epicondyle of femur
292	CL:0001035	bone cell	bone cell	UBERON:0000981	femur	femur
293	CL:0001035	bone cell	bone cell	UBERON:0000981	femur	femur
294	CL:0001035	bone cell	bone cell	UBERON:0000981	femur	femur
344	CL:0001035	bone cell	bone cell	UBERON:0001272	innominate bone	os coxa
295	CL:0001035	bone cell	bone cell	UBERON:0009984	medial condyle of femur	medial condyle of femur
297	CL:0001035	bone cell	bone cell	UBERON:0000981	femur	femur
298	CL:0001035	bone cell	bone cell	UBERON:0007119	neck of femur	neck of femur
299	CL:0001035	bone cell	bone cell	UBERON:0000981	femur	femur
300	CL:0001035	bone cell	bone cell	UBERON:0000981	femur	femur
301	CL:0001035	bone cell	bone cell	UBERON:0000981	femur	femur
302	CL:0001035	bone cell	bone cell	UBERON:0000981	femur	femur
303	CL:0001035	bone cell	bone cell	UBERON:0000981	femur	femur
304	CL:0001035	bone cell	bone cell	UBERON:0001446	fibula	fibula
305	CL:0001035	bone cell	bone cell	UBERON:0001446	fibula	fibula
306	CL:0001035	bone cell	bone cell	UBERON:0012291	lateral malleolus of fibula	lateral malleolus of fibula
307	CL:0001035	bone cell	bone cell	UBERON:0018673	neck of fibula	neck of fibula
308	CL:0001035	bone cell	bone cell	UBERON:0001446	fibula	fibula
309	CL:0001035	bone cell	bone cell	UBERON:0002446	patella	patella
310	CL:0001035	bone cell	bone cell	UBERON:0000979	tibia	tibia
296	CL:0001035	bone cell	bone cell	UBERON:0009987	medial epicondyle of femur	medial epicondyle of femur
345	CL:0001035	bone cell	bone cell	UBERON:0001272	innominate bone	os coxa
346	CL:0001035	bone cell	bone cell	UBERON:0001272	innominate bone	os coxa
347	CL:0001035	bone cell	bone cell	UBERON:0001272	innominate bone	os coxa
382	CL:0001035	bone cell	bone cell	UBERON:0000209	tetrapod frontal bone	frontal bone
383	CL:0001035	bone cell	bone cell	UBERON:0000209	tetrapod frontal bone	frontal bone
384	CL:0001035	bone cell	bone cell	UBERON:0000209	tetrapod frontal bone	frontal bone
385	CL:0001035	bone cell	bone cell	UBERON:0000209	tetrapod frontal bone	frontal bone
386	CL:0001035	bone cell	bone cell	UBERON:0000209	tetrapod frontal bone	frontal bone
387	CL:0001035	bone cell	bone cell	UBERON:0000209	tetrapod frontal bone	frontal bone
388	CL:0001035	bone cell	bone cell	UBERON:0012109	zygomatic process of frontal bone	zygomatic process of frontal bone
389	CL:0001035	bone cell	bone cell	UBERON:0001676	occipital bone	occipital bone
390	CL:0001035	bone cell	bone cell	UBERON:0001676	occipital bone	occipital bone
391	CL:0001035	bone cell	bone cell	UBERON:0001676	occipital bone	occipital bone
392	CL:0001035	bone cell	bone cell	UBERON:0001676	occipital bone	occipital bone
393	CL:0001035	bone cell	bone cell	UBERON:0001676	occipital bone	occipital bone
394	CL:0001035	bone cell	bone cell	UBERON:0001676	occipital bone	occipital bone
395	CL:0001035	bone cell	bone cell	UBERON:0001676	occipital bone	occipital bone
381	CL:0001035	bone cell	bone cell	UBERON:0000209	tetrapod frontal bone	frontal bone
396	CL:0001035	bone cell	bone cell	UBERON:0001676	occipital bone	occipital bone
398	CL:0001035	bone cell	bone cell	UBERON:0001676	occipital bone	occipital bone
399	CL:0001035	bone cell	bone cell	UBERON:0000210	tetrapod parietal bone	parietal bone
400	CL:0001035	bone cell	bone cell	UBERON:0000210	tetrapod parietal bone	parietal bone
401	CL:0001035	bone cell	bone cell	UBERON:0000210	tetrapod parietal bone	parietal bone
402	CL:0001035	bone cell	bone cell	UBERON:0000210	tetrapod parietal bone	parietal bone
403	CL:0001035	bone cell	bone cell	UBERON:0000210	tetrapod parietal bone	parietal bone
404	CL:0001035	bone cell	bone cell	UBERON:0000210	tetrapod parietal bone	parietal bone
405	CL:0001035	bone cell	bone cell	UBERON:0000210	tetrapod parietal bone	parietal bone
406	CL:0001035	bone cell	bone cell	UBERON:0001677	sphenoid bone	sphenoid bone
407	CL:0001035	bone cell	bone cell	UBERON:0001677	sphenoid bone	sphenoid bone
408	CL:0001035	bone cell	bone cell	UBERON:0001677	sphenoid bone	sphenoid bone
409	CL:0001035	bone cell	bone cell	UBERON:0001677	sphenoid bone	sphenoid bone
410	CL:0001035	bone cell	bone cell	UBERON:0001677	sphenoid bone	sphenoid bone
411	CL:0001035	bone cell	bone cell	UBERON:0001677	sphenoid bone	sphenoid bone
397	CL:0001035	bone cell	bone cell	UBERON:0001676	occipital bone	occipital bone
1082	CL:0001035	bone cell	bone cell	UBERON:0004633	thoracic vertebra 9	thoracic vertebra 9
380	CL:0001035	bone cell	bone cell	UBERON:0000209	tetrapod frontal bone	frontal bone
378	CL:0001035	bone cell	bone cell	UBERON:0000209	tetrapod frontal bone	frontal bone
348	CL:0001035	bone cell	bone cell	UBERON:0001272	innominate bone	os coxa
349	CL:0001035	bone cell	bone cell	UBERON:0001272	innominate bone	os coxa
350	CL:0001035	bone cell	bone cell	UBERON:0001272	innominate bone	os coxa
351	CL:0001035	bone cell	bone cell	UBERON:0001272	innominate bone	os coxa
352	CL:0001035	bone cell	bone cell	UBERON:0001272	innominate bone	os coxa
353	CL:0001035	bone cell	bone cell	UBERON:0001272	innominate bone	os coxa
354	CL:0001035	bone cell	bone cell	UBERON:0001272	innominate bone	os coxa
355	CL:0001035	bone cell	bone cell	UBERON:0001272	innominate bone	os coxa
356	CL:0001035	bone cell	bone cell	UBERON:0001272	innominate bone	os coxa
357	CL:0001035	bone cell	bone cell	UBERON:0001272	innominate bone	os coxa
358	CL:0001035	bone cell	bone cell	UBERON:0001272	innominate bone	os coxa
359	CL:0001035	bone cell	bone cell	UBERON:0005944	axial skeleton plus cranial skeleton	axial skeleton
360	CL:0001035	bone cell	bone cell	UBERON:0004766	cranial bone	cranial bone
361	CL:0001035	bone cell	bone cell	UBERON:0004766	cranial bone	cranial bone
379	CL:0001035	bone cell	bone cell	UBERON:0000209	tetrapod frontal bone	frontal bone
362	CL:0001035	bone cell	bone cell	UBERON:0001685	hyoid bone	hyoid bone
364	CL:0001035	bone cell	bone cell	UBERON:0001685	hyoid bone	hyoid bone
365	CL:0001035	bone cell	bone cell	UBERON:0001685	hyoid bone	hyoid bone
366	CL:0001035	bone cell	bone cell	UBERON:0001703	neurocranium	neurocranium
367	CL:0001035	bone cell	bone cell	UBERON:0001679	ethmoid bone	ethmoid bone
368	CL:0001035	bone cell	bone cell	UBERON:0001679	ethmoid bone	ethmoid bone
369	CL:0001035	bone cell	bone cell	UBERON:0001679	ethmoid bone	ethmoid bone
370	CL:0001035	bone cell	bone cell	UBERON:0001679	ethmoid bone	ethmoid bone
371	CL:0001035	bone cell	bone cell	UBERON:0001679	ethmoid bone	ethmoid bone
372	CL:0001035	bone cell	bone cell	UBERON:0001679	ethmoid bone	ethmoid bone
373	CL:0001035	bone cell	bone cell	UBERON:0001679	ethmoid bone	ethmoid bone
374	CL:0001035	bone cell	bone cell	UBERON:0001679	ethmoid bone	ethmoid bone
375	CL:0001035	bone cell	bone cell	UBERON:0001679	ethmoid bone	ethmoid bone
376	CL:0001035	bone cell	bone cell	UBERON:0001679	ethmoid bone	ethmoid bone
377	CL:0001035	bone cell	bone cell	UBERON:0001679	ethmoid bone	ethmoid bone
363	CL:0001035	bone cell	bone cell	UBERON:0001685	hyoid bone	hyoid bone
1083	CL:0001035	bone cell	bone cell	UBERON:0004633	thoracic vertebra 9	thoracic vertebra 9
